model_name,model_group,threshold,precision,recall,f1,f2,specificity,balanced_accuracy,flagged_sample_rate,tp,fp,fn,tn
dummy_majority_baseline,baseline_reference,0.05,0.0,0.0,0.0,0.0,1.0,0.5,0.0,0,0,21,293
dummy_majority_baseline,baseline_reference,0.055,0.0,0.0,0.0,0.0,1.0,0.5,0.0,0,0,21,293
dummy_majority_baseline,baseline_reference,0.06,0.0,0.0,0.0,0.0,1.0,0.5,0.0,0,0,21,293
dummy_majority_baseline,baseline_reference,0.065,0.0,0.0,0.0,0.0,1.0,0.5,0.0,0,0,21,293
dummy_majority_baseline,baseline_reference,0.07,0.0,0.0,0.0,0.0,1.0,0.5,0.0,0,0,21,293
dummy_majority_baseline,baseline_reference,0.075,0.0,0.0,0.0,0.0,1.0,0.5,0.0,0,0,21,293
dummy_majority_baseline,baseline_reference,0.08,0.0,0.0,0.0,0.0,1.0,0.5,0.0,0,0,21,293
dummy_majority_baseline,baseline_reference,0.085,0.0,0.0,0.0,0.0,1.0,0.5,0.0,0,0,21,293
dummy_majority_baseline,baseline_reference,0.09,0.0,0.0,0.0,0.0,1.0,0.5,0.0,0,0,21,293
dummy_majority_baseline,baseline_reference,0.095,0.0,0.0,0.0,0.0,1.0,0.5,0.0,0,0,21,293
dummy_majority_baseline,baseline_reference,0.1,0.0,0.0,0.0,0.0,1.0,0.5,0.0,0,0,21,293
dummy_majority_baseline,baseline_reference,0.105,0.0,0.0,0.0,0.0,1.0,0.5,0.0,0,0,21,293
dummy_majority_baseline,baseline_reference,0.11,0.0,0.0,0.0,0.0,1.0,0.5,0.0,0,0,21,293
dummy_majority_baseline,baseline_reference,0.115,0.0,0.0,0.0,0.0,1.0,0.5,0.0,0,0,21,293
dummy_majority_baseline,baseline_reference,0.12,0.0,0.0,0.0,0.0,1.0,0.5,0.0,0,0,21,293
dummy_majority_baseline,baseline_reference,0.125,0.0,0.0,0.0,0.0,1.0,0.5,0.0,0,0,21,293
dummy_majority_baseline,baseline_reference,0.13,0.0,0.0,0.0,0.0,1.0,0.5,0.0,0,0,21,293
dummy_majority_baseline,baseline_reference,0.135,0.0,0.0,0.0,0.0,1.0,0.5,0.0,0,0,21,293
dummy_majority_baseline,baseline_reference,0.14,0.0,0.0,0.0,0.0,1.0,0.5,0.0,0,0,21,293
dummy_majority_baseline,baseline_reference,0.145,0.0,0.0,0.0,0.0,1.0,0.5,0.0,0,0,21,293
dummy_majority_baseline,baseline_reference,0.15,0.0,0.0,0.0,0.0,1.0,0.5,0.0,0,0,21,293
dummy_majority_baseline,baseline_reference,0.155,0.0,0.0,0.0,0.0,1.0,0.5,0.0,0,0,21,293
dummy_majority_baseline,baseline_reference,0.16,0.0,0.0,0.0,0.0,1.0,0.5,0.0,0,0,21,293
dummy_majority_baseline,baseline_reference,0.165,0.0,0.0,0.0,0.0,1.0,0.5,0.0,0,0,21,293
dummy_majority_baseline,baseline_reference,0.17,0.0,0.0,0.0,0.0,1.0,0.5,0.0,0,0,21,293
dummy_majority_baseline,baseline_reference,0.175,0.0,0.0,0.0,0.0,1.0,0.5,0.0,0,0,21,293
dummy_majority_baseline,baseline_reference,0.18,0.0,0.0,0.0,0.0,1.0,0.5,0.0,0,0,21,293
dummy_majority_baseline,baseline_reference,0.185,0.0,0.0,0.0,0.0,1.0,0.5,0.0,0,0,21,293
dummy_majority_baseline,baseline_reference,0.19,0.0,0.0,0.0,0.0,1.0,0.5,0.0,0,0,21,293
dummy_majority_baseline,baseline_reference,0.195,0.0,0.0,0.0,0.0,1.0,0.5,0.0,0,0,21,293
dummy_majority_baseline,baseline_reference,0.2,0.0,0.0,0.0,0.0,1.0,0.5,0.0,0,0,21,293
dummy_majority_baseline,baseline_reference,0.205,0.0,0.0,0.0,0.0,1.0,0.5,0.0,0,0,21,293
dummy_majority_baseline,baseline_reference,0.21,0.0,0.0,0.0,0.0,1.0,0.5,0.0,0,0,21,293
dummy_majority_baseline,baseline_reference,0.215,0.0,0.0,0.0,0.0,1.0,0.5,0.0,0,0,21,293
dummy_majority_baseline,baseline_reference,0.22,0.0,0.0,0.0,0.0,1.0,0.5,0.0,0,0,21,293
dummy_majority_baseline,baseline_reference,0.225,0.0,0.0,0.0,0.0,1.0,0.5,0.0,0,0,21,293
dummy_majority_baseline,baseline_reference,0.23,0.0,0.0,0.0,0.0,1.0,0.5,0.0,0,0,21,293
dummy_majority_baseline,baseline_reference,0.235,0.0,0.0,0.0,0.0,1.0,0.5,0.0,0,0,21,293
dummy_majority_baseline,baseline_reference,0.24,0.0,0.0,0.0,0.0,1.0,0.5,0.0,0,0,21,293
dummy_majority_baseline,baseline_reference,0.245,0.0,0.0,0.0,0.0,1.0,0.5,0.0,0,0,21,293
dummy_majority_baseline,baseline_reference,0.25,0.0,0.0,0.0,0.0,1.0,0.5,0.0,0,0,21,293
dummy_majority_baseline,baseline_reference,0.255,0.0,0.0,0.0,0.0,1.0,0.5,0.0,0,0,21,293
dummy_majority_baseline,baseline_reference,0.26,0.0,0.0,0.0,0.0,1.0,0.5,0.0,0,0,21,293
dummy_majority_baseline,baseline_reference,0.265,0.0,0.0,0.0,0.0,1.0,0.5,0.0,0,0,21,293
dummy_majority_baseline,baseline_reference,0.27,0.0,0.0,0.0,0.0,1.0,0.5,0.0,0,0,21,293
dummy_majority_baseline,baseline_reference,0.275,0.0,0.0,0.0,0.0,1.0,0.5,0.0,0,0,21,293
dummy_majority_baseline,baseline_reference,0.28,0.0,0.0,0.0,0.0,1.0,0.5,0.0,0,0,21,293
dummy_majority_baseline,baseline_reference,0.285,0.0,0.0,0.0,0.0,1.0,0.5,0.0,0,0,21,293
dummy_majority_baseline,baseline_reference,0.29,0.0,0.0,0.0,0.0,1.0,0.5,0.0,0,0,21,293
dummy_majority_baseline,baseline_reference,0.295,0.0,0.0,0.0,0.0,1.0,0.5,0.0,0,0,21,293
dummy_majority_baseline,baseline_reference,0.3,0.0,0.0,0.0,0.0,1.0,0.5,0.0,0,0,21,293
dummy_majority_baseline,baseline_reference,0.305,0.0,0.0,0.0,0.0,1.0,0.5,0.0,0,0,21,293
dummy_majority_baseline,baseline_reference,0.31,0.0,0.0,0.0,0.0,1.0,0.5,0.0,0,0,21,293
dummy_majority_baseline,baseline_reference,0.315,0.0,0.0,0.0,0.0,1.0,0.5,0.0,0,0,21,293
dummy_majority_baseline,baseline_reference,0.32,0.0,0.0,0.0,0.0,1.0,0.5,0.0,0,0,21,293
dummy_majority_baseline,baseline_reference,0.325,0.0,0.0,0.0,0.0,1.0,0.5,0.0,0,0,21,293
dummy_majority_baseline,baseline_reference,0.33,0.0,0.0,0.0,0.0,1.0,0.5,0.0,0,0,21,293
dummy_majority_baseline,baseline_reference,0.335,0.0,0.0,0.0,0.0,1.0,0.5,0.0,0,0,21,293
dummy_majority_baseline,baseline_reference,0.34,0.0,0.0,0.0,0.0,1.0,0.5,0.0,0,0,21,293
dummy_majority_baseline,baseline_reference,0.345,0.0,0.0,0.0,0.0,1.0,0.5,0.0,0,0,21,293
dummy_majority_baseline,baseline_reference,0.35,0.0,0.0,0.0,0.0,1.0,0.5,0.0,0,0,21,293
dummy_majority_baseline,baseline_reference,0.355,0.0,0.0,0.0,0.0,1.0,0.5,0.0,0,0,21,293
dummy_majority_baseline,baseline_reference,0.36,0.0,0.0,0.0,0.0,1.0,0.5,0.0,0,0,21,293
dummy_majority_baseline,baseline_reference,0.365,0.0,0.0,0.0,0.0,1.0,0.5,0.0,0,0,21,293
dummy_majority_baseline,baseline_reference,0.37,0.0,0.0,0.0,0.0,1.0,0.5,0.0,0,0,21,293
dummy_majority_baseline,baseline_reference,0.375,0.0,0.0,0.0,0.0,1.0,0.5,0.0,0,0,21,293
dummy_majority_baseline,baseline_reference,0.38,0.0,0.0,0.0,0.0,1.0,0.5,0.0,0,0,21,293
dummy_majority_baseline,baseline_reference,0.385,0.0,0.0,0.0,0.0,1.0,0.5,0.0,0,0,21,293
dummy_majority_baseline,baseline_reference,0.39,0.0,0.0,0.0,0.0,1.0,0.5,0.0,0,0,21,293
dummy_majority_baseline,baseline_reference,0.395,0.0,0.0,0.0,0.0,1.0,0.5,0.0,0,0,21,293
dummy_majority_baseline,baseline_reference,0.4,0.0,0.0,0.0,0.0,1.0,0.5,0.0,0,0,21,293
dummy_majority_baseline,baseline_reference,0.405,0.0,0.0,0.0,0.0,1.0,0.5,0.0,0,0,21,293
dummy_majority_baseline,baseline_reference,0.41,0.0,0.0,0.0,0.0,1.0,0.5,0.0,0,0,21,293
dummy_majority_baseline,baseline_reference,0.415,0.0,0.0,0.0,0.0,1.0,0.5,0.0,0,0,21,293
dummy_majority_baseline,baseline_reference,0.42,0.0,0.0,0.0,0.0,1.0,0.5,0.0,0,0,21,293
dummy_majority_baseline,baseline_reference,0.425,0.0,0.0,0.0,0.0,1.0,0.5,0.0,0,0,21,293
dummy_majority_baseline,baseline_reference,0.43,0.0,0.0,0.0,0.0,1.0,0.5,0.0,0,0,21,293
dummy_majority_baseline,baseline_reference,0.435,0.0,0.0,0.0,0.0,1.0,0.5,0.0,0,0,21,293
dummy_majority_baseline,baseline_reference,0.44,0.0,0.0,0.0,0.0,1.0,0.5,0.0,0,0,21,293
dummy_majority_baseline,baseline_reference,0.445,0.0,0.0,0.0,0.0,1.0,0.5,0.0,0,0,21,293
dummy_majority_baseline,baseline_reference,0.45,0.0,0.0,0.0,0.0,1.0,0.5,0.0,0,0,21,293
dummy_majority_baseline,baseline_reference,0.455,0.0,0.0,0.0,0.0,1.0,0.5,0.0,0,0,21,293
dummy_majority_baseline,baseline_reference,0.46,0.0,0.0,0.0,0.0,1.0,0.5,0.0,0,0,21,293
dummy_majority_baseline,baseline_reference,0.465,0.0,0.0,0.0,0.0,1.0,0.5,0.0,0,0,21,293
dummy_majority_baseline,baseline_reference,0.47,0.0,0.0,0.0,0.0,1.0,0.5,0.0,0,0,21,293
dummy_majority_baseline,baseline_reference,0.475,0.0,0.0,0.0,0.0,1.0,0.5,0.0,0,0,21,293
dummy_majority_baseline,baseline_reference,0.48,0.0,0.0,0.0,0.0,1.0,0.5,0.0,0,0,21,293
dummy_majority_baseline,baseline_reference,0.485,0.0,0.0,0.0,0.0,1.0,0.5,0.0,0,0,21,293
dummy_majority_baseline,baseline_reference,0.49,0.0,0.0,0.0,0.0,1.0,0.5,0.0,0,0,21,293
dummy_majority_baseline,baseline_reference,0.495,0.0,0.0,0.0,0.0,1.0,0.5,0.0,0,0,21,293
dummy_majority_baseline,baseline_reference,0.5,0.0,0.0,0.0,0.0,1.0,0.5,0.0,0,0,21,293
dummy_majority_baseline,baseline_reference,0.505,0.0,0.0,0.0,0.0,1.0,0.5,0.0,0,0,21,293
dummy_majority_baseline,baseline_reference,0.51,0.0,0.0,0.0,0.0,1.0,0.5,0.0,0,0,21,293
dummy_majority_baseline,baseline_reference,0.515,0.0,0.0,0.0,0.0,1.0,0.5,0.0,0,0,21,293
dummy_majority_baseline,baseline_reference,0.52,0.0,0.0,0.0,0.0,1.0,0.5,0.0,0,0,21,293
dummy_majority_baseline,baseline_reference,0.525,0.0,0.0,0.0,0.0,1.0,0.5,0.0,0,0,21,293
dummy_majority_baseline,baseline_reference,0.53,0.0,0.0,0.0,0.0,1.0,0.5,0.0,0,0,21,293
dummy_majority_baseline,baseline_reference,0.535,0.0,0.0,0.0,0.0,1.0,0.5,0.0,0,0,21,293
dummy_majority_baseline,baseline_reference,0.54,0.0,0.0,0.0,0.0,1.0,0.5,0.0,0,0,21,293
dummy_majority_baseline,baseline_reference,0.545,0.0,0.0,0.0,0.0,1.0,0.5,0.0,0,0,21,293
dummy_majority_baseline,baseline_reference,0.55,0.0,0.0,0.0,0.0,1.0,0.5,0.0,0,0,21,293
dummy_majority_baseline,baseline_reference,0.555,0.0,0.0,0.0,0.0,1.0,0.5,0.0,0,0,21,293
dummy_majority_baseline,baseline_reference,0.56,0.0,0.0,0.0,0.0,1.0,0.5,0.0,0,0,21,293
dummy_majority_baseline,baseline_reference,0.565,0.0,0.0,0.0,0.0,1.0,0.5,0.0,0,0,21,293
dummy_majority_baseline,baseline_reference,0.57,0.0,0.0,0.0,0.0,1.0,0.5,0.0,0,0,21,293
dummy_majority_baseline,baseline_reference,0.575,0.0,0.0,0.0,0.0,1.0,0.5,0.0,0,0,21,293
dummy_majority_baseline,baseline_reference,0.58,0.0,0.0,0.0,0.0,1.0,0.5,0.0,0,0,21,293
dummy_majority_baseline,baseline_reference,0.585,0.0,0.0,0.0,0.0,1.0,0.5,0.0,0,0,21,293
dummy_majority_baseline,baseline_reference,0.59,0.0,0.0,0.0,0.0,1.0,0.5,0.0,0,0,21,293
dummy_majority_baseline,baseline_reference,0.595,0.0,0.0,0.0,0.0,1.0,0.5,0.0,0,0,21,293
dummy_majority_baseline,baseline_reference,0.6,0.0,0.0,0.0,0.0,1.0,0.5,0.0,0,0,21,293
dummy_majority_baseline,baseline_reference,0.605,0.0,0.0,0.0,0.0,1.0,0.5,0.0,0,0,21,293
dummy_majority_baseline,baseline_reference,0.61,0.0,0.0,0.0,0.0,1.0,0.5,0.0,0,0,21,293
dummy_majority_baseline,baseline_reference,0.615,0.0,0.0,0.0,0.0,1.0,0.5,0.0,0,0,21,293
dummy_majority_baseline,baseline_reference,0.62,0.0,0.0,0.0,0.0,1.0,0.5,0.0,0,0,21,293
dummy_majority_baseline,baseline_reference,0.625,0.0,0.0,0.0,0.0,1.0,0.5,0.0,0,0,21,293
dummy_majority_baseline,baseline_reference,0.63,0.0,0.0,0.0,0.0,1.0,0.5,0.0,0,0,21,293
dummy_majority_baseline,baseline_reference,0.635,0.0,0.0,0.0,0.0,1.0,0.5,0.0,0,0,21,293
dummy_majority_baseline,baseline_reference,0.64,0.0,0.0,0.0,0.0,1.0,0.5,0.0,0,0,21,293
dummy_majority_baseline,baseline_reference,0.645,0.0,0.0,0.0,0.0,1.0,0.5,0.0,0,0,21,293
dummy_majority_baseline,baseline_reference,0.65,0.0,0.0,0.0,0.0,1.0,0.5,0.0,0,0,21,293
dummy_majority_baseline,baseline_reference,0.655,0.0,0.0,0.0,0.0,1.0,0.5,0.0,0,0,21,293
dummy_majority_baseline,baseline_reference,0.66,0.0,0.0,0.0,0.0,1.0,0.5,0.0,0,0,21,293
dummy_majority_baseline,baseline_reference,0.665,0.0,0.0,0.0,0.0,1.0,0.5,0.0,0,0,21,293
dummy_majority_baseline,baseline_reference,0.67,0.0,0.0,0.0,0.0,1.0,0.5,0.0,0,0,21,293
dummy_majority_baseline,baseline_reference,0.675,0.0,0.0,0.0,0.0,1.0,0.5,0.0,0,0,21,293
dummy_majority_baseline,baseline_reference,0.68,0.0,0.0,0.0,0.0,1.0,0.5,0.0,0,0,21,293
dummy_majority_baseline,baseline_reference,0.685,0.0,0.0,0.0,0.0,1.0,0.5,0.0,0,0,21,293
dummy_majority_baseline,baseline_reference,0.69,0.0,0.0,0.0,0.0,1.0,0.5,0.0,0,0,21,293
dummy_majority_baseline,baseline_reference,0.695,0.0,0.0,0.0,0.0,1.0,0.5,0.0,0,0,21,293
dummy_majority_baseline,baseline_reference,0.7,0.0,0.0,0.0,0.0,1.0,0.5,0.0,0,0,21,293
dummy_majority_baseline,baseline_reference,0.705,0.0,0.0,0.0,0.0,1.0,0.5,0.0,0,0,21,293
dummy_majority_baseline,baseline_reference,0.71,0.0,0.0,0.0,0.0,1.0,0.5,0.0,0,0,21,293
dummy_majority_baseline,baseline_reference,0.715,0.0,0.0,0.0,0.0,1.0,0.5,0.0,0,0,21,293
dummy_majority_baseline,baseline_reference,0.72,0.0,0.0,0.0,0.0,1.0,0.5,0.0,0,0,21,293
dummy_majority_baseline,baseline_reference,0.725,0.0,0.0,0.0,0.0,1.0,0.5,0.0,0,0,21,293
dummy_majority_baseline,baseline_reference,0.73,0.0,0.0,0.0,0.0,1.0,0.5,0.0,0,0,21,293
dummy_majority_baseline,baseline_reference,0.735,0.0,0.0,0.0,0.0,1.0,0.5,0.0,0,0,21,293
dummy_majority_baseline,baseline_reference,0.74,0.0,0.0,0.0,0.0,1.0,0.5,0.0,0,0,21,293
dummy_majority_baseline,baseline_reference,0.745,0.0,0.0,0.0,0.0,1.0,0.5,0.0,0,0,21,293
dummy_majority_baseline,baseline_reference,0.75,0.0,0.0,0.0,0.0,1.0,0.5,0.0,0,0,21,293
dummy_majority_baseline,baseline_reference,0.755,0.0,0.0,0.0,0.0,1.0,0.5,0.0,0,0,21,293
dummy_majority_baseline,baseline_reference,0.76,0.0,0.0,0.0,0.0,1.0,0.5,0.0,0,0,21,293
dummy_majority_baseline,baseline_reference,0.765,0.0,0.0,0.0,0.0,1.0,0.5,0.0,0,0,21,293
dummy_majority_baseline,baseline_reference,0.77,0.0,0.0,0.0,0.0,1.0,0.5,0.0,0,0,21,293
dummy_majority_baseline,baseline_reference,0.775,0.0,0.0,0.0,0.0,1.0,0.5,0.0,0,0,21,293
dummy_majority_baseline,baseline_reference,0.78,0.0,0.0,0.0,0.0,1.0,0.5,0.0,0,0,21,293
dummy_majority_baseline,baseline_reference,0.785,0.0,0.0,0.0,0.0,1.0,0.5,0.0,0,0,21,293
dummy_majority_baseline,baseline_reference,0.79,0.0,0.0,0.0,0.0,1.0,0.5,0.0,0,0,21,293
dummy_majority_baseline,baseline_reference,0.795,0.0,0.0,0.0,0.0,1.0,0.5,0.0,0,0,21,293
dummy_majority_baseline,baseline_reference,0.8,0.0,0.0,0.0,0.0,1.0,0.5,0.0,0,0,21,293
dummy_majority_baseline,baseline_reference,0.805,0.0,0.0,0.0,0.0,1.0,0.5,0.0,0,0,21,293
dummy_majority_baseline,baseline_reference,0.81,0.0,0.0,0.0,0.0,1.0,0.5,0.0,0,0,21,293
dummy_majority_baseline,baseline_reference,0.815,0.0,0.0,0.0,0.0,1.0,0.5,0.0,0,0,21,293
dummy_majority_baseline,baseline_reference,0.82,0.0,0.0,0.0,0.0,1.0,0.5,0.0,0,0,21,293
dummy_majority_baseline,baseline_reference,0.825,0.0,0.0,0.0,0.0,1.0,0.5,0.0,0,0,21,293
dummy_majority_baseline,baseline_reference,0.83,0.0,0.0,0.0,0.0,1.0,0.5,0.0,0,0,21,293
dummy_majority_baseline,baseline_reference,0.835,0.0,0.0,0.0,0.0,1.0,0.5,0.0,0,0,21,293
dummy_majority_baseline,baseline_reference,0.84,0.0,0.0,0.0,0.0,1.0,0.5,0.0,0,0,21,293
dummy_majority_baseline,baseline_reference,0.845,0.0,0.0,0.0,0.0,1.0,0.5,0.0,0,0,21,293
dummy_majority_baseline,baseline_reference,0.85,0.0,0.0,0.0,0.0,1.0,0.5,0.0,0,0,21,293
dummy_majority_baseline,baseline_reference,0.855,0.0,0.0,0.0,0.0,1.0,0.5,0.0,0,0,21,293
dummy_majority_baseline,baseline_reference,0.86,0.0,0.0,0.0,0.0,1.0,0.5,0.0,0,0,21,293
dummy_majority_baseline,baseline_reference,0.865,0.0,0.0,0.0,0.0,1.0,0.5,0.0,0,0,21,293
dummy_majority_baseline,baseline_reference,0.87,0.0,0.0,0.0,0.0,1.0,0.5,0.0,0,0,21,293
dummy_majority_baseline,baseline_reference,0.875,0.0,0.0,0.0,0.0,1.0,0.5,0.0,0,0,21,293
dummy_majority_baseline,baseline_reference,0.88,0.0,0.0,0.0,0.0,1.0,0.5,0.0,0,0,21,293
dummy_majority_baseline,baseline_reference,0.885,0.0,0.0,0.0,0.0,1.0,0.5,0.0,0,0,21,293
dummy_majority_baseline,baseline_reference,0.89,0.0,0.0,0.0,0.0,1.0,0.5,0.0,0,0,21,293
dummy_majority_baseline,baseline_reference,0.895,0.0,0.0,0.0,0.0,1.0,0.5,0.0,0,0,21,293
dummy_majority_baseline,baseline_reference,0.9,0.0,0.0,0.0,0.0,1.0,0.5,0.0,0,0,21,293
dummy_majority_baseline,baseline_reference,0.905,0.0,0.0,0.0,0.0,1.0,0.5,0.0,0,0,21,293
dummy_majority_baseline,baseline_reference,0.91,0.0,0.0,0.0,0.0,1.0,0.5,0.0,0,0,21,293
dummy_majority_baseline,baseline_reference,0.915,0.0,0.0,0.0,0.0,1.0,0.5,0.0,0,0,21,293
dummy_majority_baseline,baseline_reference,0.92,0.0,0.0,0.0,0.0,1.0,0.5,0.0,0,0,21,293
dummy_majority_baseline,baseline_reference,0.925,0.0,0.0,0.0,0.0,1.0,0.5,0.0,0,0,21,293
dummy_majority_baseline,baseline_reference,0.93,0.0,0.0,0.0,0.0,1.0,0.5,0.0,0,0,21,293
dummy_majority_baseline,baseline_reference,0.935,0.0,0.0,0.0,0.0,1.0,0.5,0.0,0,0,21,293
dummy_majority_baseline,baseline_reference,0.94,0.0,0.0,0.0,0.0,1.0,0.5,0.0,0,0,21,293
dummy_majority_baseline,baseline_reference,0.945,0.0,0.0,0.0,0.0,1.0,0.5,0.0,0,0,21,293
dummy_majority_baseline,baseline_reference,0.95,0.0,0.0,0.0,0.0,1.0,0.5,0.0,0,0,21,293
logistic_regression_pca_baseline,baseline_reference,0.05,0.09375,0.42857142857142855,0.15384615384615385,0.25,0.7030716723549488,0.5658215504631887,0.3057324840764331,9,87,12,206
logistic_regression_pca_baseline,baseline_reference,0.055,0.0989010989010989,0.42857142857142855,0.16071428571428573,0.2571428571428571,0.7201365187713311,0.5743539736713799,0.2898089171974522,9,82,12,211
logistic_regression_pca_baseline,baseline_reference,0.06,0.0989010989010989,0.42857142857142855,0.16071428571428573,0.2571428571428571,0.7201365187713311,0.5743539736713799,0.2898089171974522,9,82,12,211
logistic_regression_pca_baseline,baseline_reference,0.065,0.10112359550561797,0.42857142857142855,0.16363636363636364,0.26011560693641617,0.726962457337884,0.5777669429546562,0.28343949044585987,9,80,12,213
logistic_regression_pca_baseline,baseline_reference,0.07,0.10227272727272728,0.42857142857142855,0.1651376146788991,0.2616279069767442,0.7303754266211604,0.5794734275962945,0.2802547770700637,9,79,12,214
logistic_regression_pca_baseline,baseline_reference,0.075,0.10344827586206896,0.42857142857142855,0.16666666666666666,0.2631578947368421,0.7337883959044369,0.5811799122379327,0.2770700636942675,9,78,12,215
logistic_regression_pca_baseline,baseline_reference,0.08,0.10588235294117647,0.42857142857142855,0.16981132075471697,0.26627218934911245,0.7406143344709898,0.5845928815212091,0.27070063694267515,9,76,12,217
logistic_regression_pca_baseline,baseline_reference,0.085,0.10843373493975904,0.42857142857142855,0.17307692307692307,0.2694610778443114,0.7474402730375427,0.5880058508044856,0.2643312101910828,9,74,12,219
logistic_regression_pca_baseline,baseline_reference,0.09,0.10975609756097561,0.42857142857142855,0.17475728155339806,0.2710843373493976,0.7508532423208191,0.5897123354461238,0.2611464968152866,9,73,12,220
logistic_regression_pca_baseline,baseline_reference,0.095,0.10975609756097561,0.42857142857142855,0.17475728155339806,0.2710843373493976,0.7508532423208191,0.5897123354461238,0.2611464968152866,9,73,12,220
logistic_regression_pca_baseline,baseline_reference,0.1,0.1125,0.42857142857142855,0.1782178217821782,0.27439024390243905,0.757679180887372,0.5931253047294003,0.25477707006369427,9,71,12,222
logistic_regression_pca_baseline,baseline_reference,0.105,0.11392405063291139,0.42857142857142855,0.18,0.27607361963190186,0.7610921501706485,0.5948317893710385,0.2515923566878981,9,70,12,223
logistic_regression_pca_baseline,baseline_reference,0.11,0.11392405063291139,0.42857142857142855,0.18,0.27607361963190186,0.7610921501706485,0.5948317893710385,0.2515923566878981,9,70,12,223
logistic_regression_pca_baseline,baseline_reference,0.115,0.11538461538461539,0.42857142857142855,0.18181818181818182,0.2777777777777778,0.764505119453925,0.5965382740126768,0.2484076433121019,9,69,12,224
logistic_regression_pca_baseline,baseline_reference,0.12,0.11842105263157894,0.42857142857142855,0.18556701030927836,0.28125,0.7713310580204779,0.5999512432959532,0.24203821656050956,9,67,12,226
logistic_regression_pca_baseline,baseline_reference,0.125,0.12,0.42857142857142855,0.1875,0.2830188679245283,0.7747440273037542,0.6016577279375914,0.23885350318471338,9,66,12,227
logistic_regression_pca_baseline,baseline_reference,0.13,0.12162162162162163,0.42857142857142855,0.18947368421052632,0.2848101265822785,0.7781569965870307,0.6033642125792297,0.2356687898089172,9,65,12,228
logistic_regression_pca_baseline,baseline_reference,0.135,0.12162162162162163,0.42857142857142855,0.18947368421052632,0.2848101265822785,0.7781569965870307,0.6033642125792297,0.2356687898089172,9,65,12,228
logistic_regression_pca_baseline,baseline_reference,0.14,0.1232876712328767,0.42857142857142855,0.19148936170212766,0.28662420382165604,0.7815699658703071,0.6050706972208678,0.23248407643312102,9,64,12,229
logistic_regression_pca_baseline,baseline_reference,0.145,0.1232876712328767,0.42857142857142855,0.19148936170212766,0.28662420382165604,0.7815699658703071,0.6050706972208678,0.23248407643312102,9,64,12,229
logistic_regression_pca_baseline,baseline_reference,0.15,0.1232876712328767,0.42857142857142855,0.19148936170212766,0.28662420382165604,0.7815699658703071,0.6050706972208678,0.23248407643312102,9,64,12,229
logistic_regression_pca_baseline,baseline_reference,0.155,0.1267605633802817,0.42857142857142855,0.1956521739130435,0.2903225806451613,0.78839590443686,0.6084836665041443,0.22611464968152867,9,62,12,231
logistic_regression_pca_baseline,baseline_reference,0.16,0.11428571428571428,0.38095238095238093,0.17582417582417584,0.2597402597402597,0.78839590443686,0.5846741426946205,0.2229299363057325,8,62,13,231
logistic_regression_pca_baseline,baseline_reference,0.165,0.11428571428571428,0.38095238095238093,0.17582417582417584,0.2597402597402597,0.78839590443686,0.5846741426946205,0.2229299363057325,8,62,13,231
logistic_regression_pca_baseline,baseline_reference,0.17,0.11764705882352941,0.38095238095238093,0.1797752808988764,0.2631578947368421,0.7952218430034129,0.588087111977897,0.21656050955414013,8,60,13,233
logistic_regression_pca_baseline,baseline_reference,0.175,0.11764705882352941,0.38095238095238093,0.1797752808988764,0.2631578947368421,0.7952218430034129,0.588087111977897,0.21656050955414013,8,60,13,233
logistic_regression_pca_baseline,baseline_reference,0.18,0.11940298507462686,0.38095238095238093,0.18181818181818182,0.26490066225165565,0.7986348122866894,0.5897935966195351,0.21337579617834396,8,59,13,234
logistic_regression_pca_baseline,baseline_reference,0.185,0.12307692307692308,0.38095238095238093,0.18604651162790697,0.2684563758389262,0.8054607508532423,0.5932065659028116,0.2070063694267516,8,57,13,236
logistic_regression_pca_baseline,baseline_reference,0.19,0.12307692307692308,0.38095238095238093,0.18604651162790697,0.2684563758389262,0.8054607508532423,0.5932065659028116,0.2070063694267516,8,57,13,236
logistic_regression_pca_baseline,baseline_reference,0.195,0.12698412698412698,0.38095238095238093,0.19047619047619047,0.272108843537415,0.8122866894197952,0.5966195351860881,0.20063694267515925,8,55,13,238
logistic_regression_pca_baseline,baseline_reference,0.2,0.12698412698412698,0.38095238095238093,0.19047619047619047,0.272108843537415,0.8122866894197952,0.5966195351860881,0.20063694267515925,8,55,13,238
logistic_regression_pca_baseline,baseline_reference,0.205,0.12903225806451613,0.38095238095238093,0.1927710843373494,0.273972602739726,0.8156996587030717,0.5983260198277263,0.19745222929936307,8,54,13,239
logistic_regression_pca_baseline,baseline_reference,0.21,0.13333333333333333,0.38095238095238093,0.19753086419753085,0.2777777777777778,0.8225255972696246,0.6017389891110028,0.1910828025477707,8,52,13,241
logistic_regression_pca_baseline,baseline_reference,0.215,0.13559322033898305,0.38095238095238093,0.2,0.27972027972027974,0.825938566552901,0.6034454737526409,0.18789808917197454,8,51,13,242
logistic_regression_pca_baseline,baseline_reference,0.22,0.13559322033898305,0.38095238095238093,0.2,0.27972027972027974,0.825938566552901,0.6034454737526409,0.18789808917197454,8,51,13,242
logistic_regression_pca_baseline,baseline_reference,0.225,0.13559322033898305,0.38095238095238093,0.2,0.27972027972027974,0.825938566552901,0.6034454737526409,0.18789808917197454,8,51,13,242
logistic_regression_pca_baseline,baseline_reference,0.23,0.13559322033898305,0.38095238095238093,0.2,0.27972027972027974,0.825938566552901,0.6034454737526409,0.18789808917197454,8,51,13,242
logistic_regression_pca_baseline,baseline_reference,0.235,0.13793103448275862,0.38095238095238093,0.20253164556962025,0.28169014084507044,0.8293515358361775,0.6051519583942793,0.18471337579617833,8,50,13,243
logistic_regression_pca_baseline,baseline_reference,0.24,0.14035087719298245,0.38095238095238093,0.20512820512820512,0.28368794326241137,0.8327645051194539,0.6068584430359174,0.18152866242038215,8,49,13,244
logistic_regression_pca_baseline,baseline_reference,0.245,0.14035087719298245,0.38095238095238093,0.20512820512820512,0.28368794326241137,0.8327645051194539,0.6068584430359174,0.18152866242038215,8,49,13,244
logistic_regression_pca_baseline,baseline_reference,0.25,0.14035087719298245,0.38095238095238093,0.20512820512820512,0.28368794326241137,0.8327645051194539,0.6068584430359174,0.18152866242038215,8,49,13,244
logistic_regression_pca_baseline,baseline_reference,0.255,0.14545454545454545,0.38095238095238093,0.21052631578947367,0.28776978417266186,0.8395904436860068,0.6102714123191939,0.1751592356687898,8,47,13,246
logistic_regression_pca_baseline,baseline_reference,0.26,0.14814814814814814,0.38095238095238093,0.21333333333333335,0.2898550724637681,0.8430034129692833,0.611977896960832,0.17197452229299362,8,46,13,247
logistic_regression_pca_baseline,baseline_reference,0.265,0.14814814814814814,0.38095238095238093,0.21333333333333335,0.2898550724637681,0.8430034129692833,0.611977896960832,0.17197452229299362,8,46,13,247
logistic_regression_pca_baseline,baseline_reference,0.27,0.14814814814814814,0.38095238095238093,0.21333333333333335,0.2898550724637681,0.8430034129692833,0.611977896960832,0.17197452229299362,8,46,13,247
logistic_regression_pca_baseline,baseline_reference,0.275,0.14814814814814814,0.38095238095238093,0.21333333333333335,0.2898550724637681,0.8430034129692833,0.611977896960832,0.17197452229299362,8,46,13,247
logistic_regression_pca_baseline,baseline_reference,0.28,0.1568627450980392,0.38095238095238093,0.2222222222222222,0.2962962962962963,0.8532423208191127,0.6170973508857468,0.1624203821656051,8,43,13,250
logistic_regression_pca_baseline,baseline_reference,0.285,0.1568627450980392,0.38095238095238093,0.2222222222222222,0.2962962962962963,0.8532423208191127,0.6170973508857468,0.1624203821656051,8,43,13,250
logistic_regression_pca_baseline,baseline_reference,0.29,0.1568627450980392,0.38095238095238093,0.2222222222222222,0.2962962962962963,0.8532423208191127,0.6170973508857468,0.1624203821656051,8,43,13,250
logistic_regression_pca_baseline,baseline_reference,0.295,0.1568627450980392,0.38095238095238093,0.2222222222222222,0.2962962962962963,0.8532423208191127,0.6170973508857468,0.1624203821656051,8,43,13,250
logistic_regression_pca_baseline,baseline_reference,0.3,0.16,0.38095238095238093,0.22535211267605634,0.29850746268656714,0.856655290102389,0.618803835527385,0.1592356687898089,8,42,13,251
logistic_regression_pca_baseline,baseline_reference,0.305,0.16326530612244897,0.38095238095238093,0.22857142857142856,0.3007518796992481,0.8600682593856656,0.6205103201690232,0.15605095541401273,8,41,13,252
logistic_regression_pca_baseline,baseline_reference,0.31,0.14893617021276595,0.3333333333333333,0.20588235294117646,0.26717557251908397,0.863481228668942,0.5984072810011376,0.14968152866242038,7,40,14,253
logistic_regression_pca_baseline,baseline_reference,0.315,0.14893617021276595,0.3333333333333333,0.20588235294117646,0.26717557251908397,0.863481228668942,0.5984072810011376,0.14968152866242038,7,40,14,253
logistic_regression_pca_baseline,baseline_reference,0.32,0.14893617021276595,0.3333333333333333,0.20588235294117646,0.26717557251908397,0.863481228668942,0.5984072810011376,0.14968152866242038,7,40,14,253
logistic_regression_pca_baseline,baseline_reference,0.325,0.14893617021276595,0.3333333333333333,0.20588235294117646,0.26717557251908397,0.863481228668942,0.5984072810011376,0.14968152866242038,7,40,14,253
logistic_regression_pca_baseline,baseline_reference,0.33,0.14893617021276595,0.3333333333333333,0.20588235294117646,0.26717557251908397,0.863481228668942,0.5984072810011376,0.14968152866242038,7,40,14,253
logistic_regression_pca_baseline,baseline_reference,0.335,0.14893617021276595,0.3333333333333333,0.20588235294117646,0.26717557251908397,0.863481228668942,0.5984072810011376,0.14968152866242038,7,40,14,253
logistic_regression_pca_baseline,baseline_reference,0.34,0.14893617021276595,0.3333333333333333,0.20588235294117646,0.26717557251908397,0.863481228668942,0.5984072810011376,0.14968152866242038,7,40,14,253
logistic_regression_pca_baseline,baseline_reference,0.345,0.14893617021276595,0.3333333333333333,0.20588235294117646,0.26717557251908397,0.863481228668942,0.5984072810011376,0.14968152866242038,7,40,14,253
logistic_regression_pca_baseline,baseline_reference,0.35,0.14893617021276595,0.3333333333333333,0.20588235294117646,0.26717557251908397,0.863481228668942,0.5984072810011376,0.14968152866242038,7,40,14,253
logistic_regression_pca_baseline,baseline_reference,0.355,0.14893617021276595,0.3333333333333333,0.20588235294117646,0.26717557251908397,0.863481228668942,0.5984072810011376,0.14968152866242038,7,40,14,253
logistic_regression_pca_baseline,baseline_reference,0.36,0.14893617021276595,0.3333333333333333,0.20588235294117646,0.26717557251908397,0.863481228668942,0.5984072810011376,0.14968152866242038,7,40,14,253
logistic_regression_pca_baseline,baseline_reference,0.365,0.15217391304347827,0.3333333333333333,0.208955223880597,0.2692307692307692,0.8668941979522184,0.6001137656427759,0.1464968152866242,7,39,14,254
logistic_regression_pca_baseline,baseline_reference,0.37,0.15217391304347827,0.3333333333333333,0.208955223880597,0.2692307692307692,0.8668941979522184,0.6001137656427759,0.1464968152866242,7,39,14,254
logistic_regression_pca_baseline,baseline_reference,0.375,0.15217391304347827,0.3333333333333333,0.208955223880597,0.2692307692307692,0.8668941979522184,0.6001137656427759,0.1464968152866242,7,39,14,254
logistic_regression_pca_baseline,baseline_reference,0.38,0.15217391304347827,0.3333333333333333,0.208955223880597,0.2692307692307692,0.8668941979522184,0.6001137656427759,0.1464968152866242,7,39,14,254
logistic_regression_pca_baseline,baseline_reference,0.385,0.15217391304347827,0.3333333333333333,0.208955223880597,0.2692307692307692,0.8668941979522184,0.6001137656427759,0.1464968152866242,7,39,14,254
logistic_regression_pca_baseline,baseline_reference,0.39,0.15217391304347827,0.3333333333333333,0.208955223880597,0.2692307692307692,0.8668941979522184,0.6001137656427759,0.1464968152866242,7,39,14,254
logistic_regression_pca_baseline,baseline_reference,0.395,0.15217391304347827,0.3333333333333333,0.208955223880597,0.2692307692307692,0.8668941979522184,0.6001137656427759,0.1464968152866242,7,39,14,254
logistic_regression_pca_baseline,baseline_reference,0.4,0.15217391304347827,0.3333333333333333,0.208955223880597,0.2692307692307692,0.8668941979522184,0.6001137656427759,0.1464968152866242,7,39,14,254
logistic_regression_pca_baseline,baseline_reference,0.405,0.15217391304347827,0.3333333333333333,0.208955223880597,0.2692307692307692,0.8668941979522184,0.6001137656427759,0.1464968152866242,7,39,14,254
logistic_regression_pca_baseline,baseline_reference,0.41,0.15217391304347827,0.3333333333333333,0.208955223880597,0.2692307692307692,0.8668941979522184,0.6001137656427759,0.1464968152866242,7,39,14,254
logistic_regression_pca_baseline,baseline_reference,0.415,0.15217391304347827,0.3333333333333333,0.208955223880597,0.2692307692307692,0.8668941979522184,0.6001137656427759,0.1464968152866242,7,39,14,254
logistic_regression_pca_baseline,baseline_reference,0.42,0.15217391304347827,0.3333333333333333,0.208955223880597,0.2692307692307692,0.8668941979522184,0.6001137656427759,0.1464968152866242,7,39,14,254
logistic_regression_pca_baseline,baseline_reference,0.425,0.15217391304347827,0.3333333333333333,0.208955223880597,0.2692307692307692,0.8668941979522184,0.6001137656427759,0.1464968152866242,7,39,14,254
logistic_regression_pca_baseline,baseline_reference,0.43,0.15217391304347827,0.3333333333333333,0.208955223880597,0.2692307692307692,0.8668941979522184,0.6001137656427759,0.1464968152866242,7,39,14,254
logistic_regression_pca_baseline,baseline_reference,0.435,0.15217391304347827,0.3333333333333333,0.208955223880597,0.2692307692307692,0.8668941979522184,0.6001137656427759,0.1464968152866242,7,39,14,254
logistic_regression_pca_baseline,baseline_reference,0.44,0.15217391304347827,0.3333333333333333,0.208955223880597,0.2692307692307692,0.8668941979522184,0.6001137656427759,0.1464968152866242,7,39,14,254
logistic_regression_pca_baseline,baseline_reference,0.445,0.15217391304347827,0.3333333333333333,0.208955223880597,0.2692307692307692,0.8668941979522184,0.6001137656427759,0.1464968152866242,7,39,14,254
logistic_regression_pca_baseline,baseline_reference,0.45,0.15217391304347827,0.3333333333333333,0.208955223880597,0.2692307692307692,0.8668941979522184,0.6001137656427759,0.1464968152866242,7,39,14,254
logistic_regression_pca_baseline,baseline_reference,0.455,0.15217391304347827,0.3333333333333333,0.208955223880597,0.2692307692307692,0.8668941979522184,0.6001137656427759,0.1464968152866242,7,39,14,254
logistic_regression_pca_baseline,baseline_reference,0.46,0.15217391304347827,0.3333333333333333,0.208955223880597,0.2692307692307692,0.8668941979522184,0.6001137656427759,0.1464968152866242,7,39,14,254
logistic_regression_pca_baseline,baseline_reference,0.465,0.15217391304347827,0.3333333333333333,0.208955223880597,0.2692307692307692,0.8668941979522184,0.6001137656427759,0.1464968152866242,7,39,14,254
logistic_regression_pca_baseline,baseline_reference,0.47,0.15555555555555556,0.3333333333333333,0.21212121212121213,0.2713178294573643,0.8703071672354948,0.6018202502844141,0.14331210191082802,7,38,14,255
logistic_regression_pca_baseline,baseline_reference,0.475,0.15555555555555556,0.3333333333333333,0.21212121212121213,0.2713178294573643,0.8703071672354948,0.6018202502844141,0.14331210191082802,7,38,14,255
logistic_regression_pca_baseline,baseline_reference,0.48,0.15555555555555556,0.3333333333333333,0.21212121212121213,0.2713178294573643,0.8703071672354948,0.6018202502844141,0.14331210191082802,7,38,14,255
logistic_regression_pca_baseline,baseline_reference,0.485,0.15555555555555556,0.3333333333333333,0.21212121212121213,0.2713178294573643,0.8703071672354948,0.6018202502844141,0.14331210191082802,7,38,14,255
logistic_regression_pca_baseline,baseline_reference,0.49,0.15555555555555556,0.3333333333333333,0.21212121212121213,0.2713178294573643,0.8703071672354948,0.6018202502844141,0.14331210191082802,7,38,14,255
logistic_regression_pca_baseline,baseline_reference,0.495,0.1590909090909091,0.3333333333333333,0.2153846153846154,0.2734375,0.8737201365187713,0.6035267349260524,0.14012738853503184,7,37,14,256
logistic_regression_pca_baseline,baseline_reference,0.5,0.1590909090909091,0.3333333333333333,0.2153846153846154,0.2734375,0.8737201365187713,0.6035267349260524,0.14012738853503184,7,37,14,256
logistic_regression_pca_baseline,baseline_reference,0.505,0.1590909090909091,0.3333333333333333,0.2153846153846154,0.2734375,0.8737201365187713,0.6035267349260524,0.14012738853503184,7,37,14,256
logistic_regression_pca_baseline,baseline_reference,0.51,0.1590909090909091,0.3333333333333333,0.2153846153846154,0.2734375,0.8737201365187713,0.6035267349260524,0.14012738853503184,7,37,14,256
logistic_regression_pca_baseline,baseline_reference,0.515,0.1590909090909091,0.3333333333333333,0.2153846153846154,0.2734375,0.8737201365187713,0.6035267349260524,0.14012738853503184,7,37,14,256
logistic_regression_pca_baseline,baseline_reference,0.52,0.16279069767441862,0.3333333333333333,0.21875,0.2755905511811024,0.8771331058020477,0.6052332195676905,0.13694267515923567,7,36,14,257
logistic_regression_pca_baseline,baseline_reference,0.525,0.16279069767441862,0.3333333333333333,0.21875,0.2755905511811024,0.8771331058020477,0.6052332195676905,0.13694267515923567,7,36,14,257
logistic_regression_pca_baseline,baseline_reference,0.53,0.16279069767441862,0.3333333333333333,0.21875,0.2755905511811024,0.8771331058020477,0.6052332195676905,0.13694267515923567,7,36,14,257
logistic_regression_pca_baseline,baseline_reference,0.535,0.16666666666666666,0.3333333333333333,0.2222222222222222,0.2777777777777778,0.8805460750853242,0.6069397042093287,0.1337579617834395,7,35,14,258
logistic_regression_pca_baseline,baseline_reference,0.54,0.16666666666666666,0.3333333333333333,0.2222222222222222,0.2777777777777778,0.8805460750853242,0.6069397042093287,0.1337579617834395,7,35,14,258
logistic_regression_pca_baseline,baseline_reference,0.545,0.16666666666666666,0.3333333333333333,0.2222222222222222,0.2777777777777778,0.8805460750853242,0.6069397042093287,0.1337579617834395,7,35,14,258
logistic_regression_pca_baseline,baseline_reference,0.55,0.16666666666666666,0.3333333333333333,0.2222222222222222,0.2777777777777778,0.8805460750853242,0.6069397042093287,0.1337579617834395,7,35,14,258
logistic_regression_pca_baseline,baseline_reference,0.555,0.16666666666666666,0.3333333333333333,0.2222222222222222,0.2777777777777778,0.8805460750853242,0.6069397042093287,0.1337579617834395,7,35,14,258
logistic_regression_pca_baseline,baseline_reference,0.56,0.175,0.3333333333333333,0.22950819672131148,0.28225806451612906,0.8873720136518771,0.6103526734926052,0.12738853503184713,7,33,14,260
logistic_regression_pca_baseline,baseline_reference,0.565,0.175,0.3333333333333333,0.22950819672131148,0.28225806451612906,0.8873720136518771,0.6103526734926052,0.12738853503184713,7,33,14,260
logistic_regression_pca_baseline,baseline_reference,0.57,0.175,0.3333333333333333,0.22950819672131148,0.28225806451612906,0.8873720136518771,0.6103526734926052,0.12738853503184713,7,33,14,260
logistic_regression_pca_baseline,baseline_reference,0.575,0.175,0.3333333333333333,0.22950819672131148,0.28225806451612906,0.8873720136518771,0.6103526734926052,0.12738853503184713,7,33,14,260
logistic_regression_pca_baseline,baseline_reference,0.58,0.175,0.3333333333333333,0.22950819672131148,0.28225806451612906,0.8873720136518771,0.6103526734926052,0.12738853503184713,7,33,14,260
logistic_regression_pca_baseline,baseline_reference,0.585,0.1794871794871795,0.3333333333333333,0.23333333333333334,0.2845528455284553,0.8907849829351536,0.6120591581342435,0.12420382165605096,7,32,14,261
logistic_regression_pca_baseline,baseline_reference,0.59,0.1794871794871795,0.3333333333333333,0.23333333333333334,0.2845528455284553,0.8907849829351536,0.6120591581342435,0.12420382165605096,7,32,14,261
logistic_regression_pca_baseline,baseline_reference,0.595,0.18421052631578946,0.3333333333333333,0.23728813559322035,0.28688524590163933,0.89419795221843,0.6137656427758816,0.12101910828025478,7,31,14,262
logistic_regression_pca_baseline,baseline_reference,0.6,0.18421052631578946,0.3333333333333333,0.23728813559322035,0.28688524590163933,0.89419795221843,0.6137656427758816,0.12101910828025478,7,31,14,262
logistic_regression_pca_baseline,baseline_reference,0.605,0.18421052631578946,0.3333333333333333,0.23728813559322035,0.28688524590163933,0.89419795221843,0.6137656427758816,0.12101910828025478,7,31,14,262
logistic_regression_pca_baseline,baseline_reference,0.61,0.18421052631578946,0.3333333333333333,0.23728813559322035,0.28688524590163933,0.89419795221843,0.6137656427758816,0.12101910828025478,7,31,14,262
logistic_regression_pca_baseline,baseline_reference,0.615,0.18421052631578946,0.3333333333333333,0.23728813559322035,0.28688524590163933,0.89419795221843,0.6137656427758816,0.12101910828025478,7,31,14,262
logistic_regression_pca_baseline,baseline_reference,0.62,0.18421052631578946,0.3333333333333333,0.23728813559322035,0.28688524590163933,0.89419795221843,0.6137656427758816,0.12101910828025478,7,31,14,262
logistic_regression_pca_baseline,baseline_reference,0.625,0.18421052631578946,0.3333333333333333,0.23728813559322035,0.28688524590163933,0.89419795221843,0.6137656427758816,0.12101910828025478,7,31,14,262
logistic_regression_pca_baseline,baseline_reference,0.63,0.18421052631578946,0.3333333333333333,0.23728813559322035,0.28688524590163933,0.89419795221843,0.6137656427758816,0.12101910828025478,7,31,14,262
logistic_regression_pca_baseline,baseline_reference,0.635,0.18421052631578946,0.3333333333333333,0.23728813559322035,0.28688524590163933,0.89419795221843,0.6137656427758816,0.12101910828025478,7,31,14,262
logistic_regression_pca_baseline,baseline_reference,0.64,0.18421052631578946,0.3333333333333333,0.23728813559322035,0.28688524590163933,0.89419795221843,0.6137656427758816,0.12101910828025478,7,31,14,262
logistic_regression_pca_baseline,baseline_reference,0.645,0.18421052631578946,0.3333333333333333,0.23728813559322035,0.28688524590163933,0.89419795221843,0.6137656427758816,0.12101910828025478,7,31,14,262
logistic_regression_pca_baseline,baseline_reference,0.65,0.18421052631578946,0.3333333333333333,0.23728813559322035,0.28688524590163933,0.89419795221843,0.6137656427758816,0.12101910828025478,7,31,14,262
logistic_regression_pca_baseline,baseline_reference,0.655,0.1891891891891892,0.3333333333333333,0.2413793103448276,0.2892561983471074,0.8976109215017065,0.6154721274175199,0.1178343949044586,7,30,14,263
logistic_regression_pca_baseline,baseline_reference,0.66,0.1891891891891892,0.3333333333333333,0.2413793103448276,0.2892561983471074,0.8976109215017065,0.6154721274175199,0.1178343949044586,7,30,14,263
logistic_regression_pca_baseline,baseline_reference,0.665,0.1891891891891892,0.3333333333333333,0.2413793103448276,0.2892561983471074,0.8976109215017065,0.6154721274175199,0.1178343949044586,7,30,14,263
logistic_regression_pca_baseline,baseline_reference,0.67,0.1891891891891892,0.3333333333333333,0.2413793103448276,0.2892561983471074,0.8976109215017065,0.6154721274175199,0.1178343949044586,7,30,14,263
logistic_regression_pca_baseline,baseline_reference,0.675,0.1891891891891892,0.3333333333333333,0.2413793103448276,0.2892561983471074,0.8976109215017065,0.6154721274175199,0.1178343949044586,7,30,14,263
logistic_regression_pca_baseline,baseline_reference,0.68,0.1891891891891892,0.3333333333333333,0.2413793103448276,0.2892561983471074,0.8976109215017065,0.6154721274175199,0.1178343949044586,7,30,14,263
logistic_regression_pca_baseline,baseline_reference,0.685,0.1891891891891892,0.3333333333333333,0.2413793103448276,0.2892561983471074,0.8976109215017065,0.6154721274175199,0.1178343949044586,7,30,14,263
logistic_regression_pca_baseline,baseline_reference,0.69,0.1891891891891892,0.3333333333333333,0.2413793103448276,0.2892561983471074,0.8976109215017065,0.6154721274175199,0.1178343949044586,7,30,14,263
logistic_regression_pca_baseline,baseline_reference,0.695,0.1891891891891892,0.3333333333333333,0.2413793103448276,0.2892561983471074,0.8976109215017065,0.6154721274175199,0.1178343949044586,7,30,14,263
logistic_regression_pca_baseline,baseline_reference,0.7,0.16666666666666666,0.2857142857142857,0.21052631578947367,0.25,0.8976109215017065,0.5916626036079962,0.11464968152866242,6,30,15,263
logistic_regression_pca_baseline,baseline_reference,0.705,0.16666666666666666,0.2857142857142857,0.21052631578947367,0.25,0.8976109215017065,0.5916626036079962,0.11464968152866242,6,30,15,263
logistic_regression_pca_baseline,baseline_reference,0.71,0.16666666666666666,0.2857142857142857,0.21052631578947367,0.25,0.8976109215017065,0.5916626036079962,0.11464968152866242,6,30,15,263
logistic_regression_pca_baseline,baseline_reference,0.715,0.16666666666666666,0.2857142857142857,0.21052631578947367,0.25,0.8976109215017065,0.5916626036079962,0.11464968152866242,6,30,15,263
logistic_regression_pca_baseline,baseline_reference,0.72,0.16666666666666666,0.2857142857142857,0.21052631578947367,0.25,0.8976109215017065,0.5916626036079962,0.11464968152866242,6,30,15,263
logistic_regression_pca_baseline,baseline_reference,0.725,0.16666666666666666,0.2857142857142857,0.21052631578947367,0.25,0.8976109215017065,0.5916626036079962,0.11464968152866242,6,30,15,263
logistic_regression_pca_baseline,baseline_reference,0.73,0.17142857142857143,0.2857142857142857,0.21428571428571427,0.25210084033613445,0.9010238907849829,0.5933690882496343,0.11146496815286625,6,29,15,264
logistic_regression_pca_baseline,baseline_reference,0.735,0.17142857142857143,0.2857142857142857,0.21428571428571427,0.25210084033613445,0.9010238907849829,0.5933690882496343,0.11146496815286625,6,29,15,264
logistic_regression_pca_baseline,baseline_reference,0.74,0.17647058823529413,0.2857142857142857,0.21818181818181817,0.2542372881355932,0.9044368600682594,0.5950755728912726,0.10828025477707007,6,28,15,265
logistic_regression_pca_baseline,baseline_reference,0.745,0.18181818181818182,0.2857142857142857,0.2222222222222222,0.2564102564102564,0.9078498293515358,0.5967820575329108,0.10509554140127389,6,27,15,266
logistic_regression_pca_baseline,baseline_reference,0.75,0.18181818181818182,0.2857142857142857,0.2222222222222222,0.2564102564102564,0.9078498293515358,0.5967820575329108,0.10509554140127389,6,27,15,266
logistic_regression_pca_baseline,baseline_reference,0.755,0.18181818181818182,0.2857142857142857,0.2222222222222222,0.2564102564102564,0.9078498293515358,0.5967820575329108,0.10509554140127389,6,27,15,266
logistic_regression_pca_baseline,baseline_reference,0.76,0.18181818181818182,0.2857142857142857,0.2222222222222222,0.2564102564102564,0.9078498293515358,0.5967820575329108,0.10509554140127389,6,27,15,266
logistic_regression_pca_baseline,baseline_reference,0.765,0.16129032258064516,0.23809523809523808,0.19230769230769232,0.21739130434782608,0.9112627986348123,0.5746790183650252,0.09872611464968153,5,26,16,267
logistic_regression_pca_baseline,baseline_reference,0.77,0.16129032258064516,0.23809523809523808,0.19230769230769232,0.21739130434782608,0.9112627986348123,0.5746790183650252,0.09872611464968153,5,26,16,267
logistic_regression_pca_baseline,baseline_reference,0.775,0.16129032258064516,0.23809523809523808,0.19230769230769232,0.21739130434782608,0.9112627986348123,0.5746790183650252,0.09872611464968153,5,26,16,267
logistic_regression_pca_baseline,baseline_reference,0.78,0.13793103448275862,0.19047619047619047,0.16,0.17699115044247787,0.9146757679180887,0.5525759791971396,0.09235668789808917,4,25,17,268
logistic_regression_pca_baseline,baseline_reference,0.785,0.13793103448275862,0.19047619047619047,0.16,0.17699115044247787,0.9146757679180887,0.5525759791971396,0.09235668789808917,4,25,17,268
logistic_regression_pca_baseline,baseline_reference,0.79,0.14285714285714285,0.19047619047619047,0.16326530612244897,0.17857142857142858,0.9180887372013652,0.5542824638387778,0.08917197452229299,4,24,17,269
logistic_regression_pca_baseline,baseline_reference,0.795,0.14285714285714285,0.19047619047619047,0.16326530612244897,0.17857142857142858,0.9180887372013652,0.5542824638387778,0.08917197452229299,4,24,17,269
logistic_regression_pca_baseline,baseline_reference,0.8,0.14285714285714285,0.19047619047619047,0.16326530612244897,0.17857142857142858,0.9180887372013652,0.5542824638387778,0.08917197452229299,4,24,17,269
logistic_regression_pca_baseline,baseline_reference,0.805,0.14285714285714285,0.19047619047619047,0.16326530612244897,0.17857142857142858,0.9180887372013652,0.5542824638387778,0.08917197452229299,4,24,17,269
logistic_regression_pca_baseline,baseline_reference,0.81,0.12,0.14285714285714285,0.13043478260869565,0.13761467889908258,0.9249146757679181,0.5338859093125304,0.07961783439490445,3,22,18,271
logistic_regression_pca_baseline,baseline_reference,0.815,0.12,0.14285714285714285,0.13043478260869565,0.13761467889908258,0.9249146757679181,0.5338859093125304,0.07961783439490445,3,22,18,271
logistic_regression_pca_baseline,baseline_reference,0.82,0.12,0.14285714285714285,0.13043478260869565,0.13761467889908258,0.9249146757679181,0.5338859093125304,0.07961783439490445,3,22,18,271
logistic_regression_pca_baseline,baseline_reference,0.825,0.12,0.14285714285714285,0.13043478260869565,0.13761467889908258,0.9249146757679181,0.5338859093125304,0.07961783439490445,3,22,18,271
logistic_regression_pca_baseline,baseline_reference,0.83,0.12,0.14285714285714285,0.13043478260869565,0.13761467889908258,0.9249146757679181,0.5338859093125304,0.07961783439490445,3,22,18,271
logistic_regression_pca_baseline,baseline_reference,0.835,0.12,0.14285714285714285,0.13043478260869565,0.13761467889908258,0.9249146757679181,0.5338859093125304,0.07961783439490445,3,22,18,271
logistic_regression_pca_baseline,baseline_reference,0.84,0.12,0.14285714285714285,0.13043478260869565,0.13761467889908258,0.9249146757679181,0.5338859093125304,0.07961783439490445,3,22,18,271
logistic_regression_pca_baseline,baseline_reference,0.845,0.12,0.14285714285714285,0.13043478260869565,0.13761467889908258,0.9249146757679181,0.5338859093125304,0.07961783439490445,3,22,18,271
logistic_regression_pca_baseline,baseline_reference,0.85,0.13043478260869565,0.14285714285714285,0.13636363636363635,0.14018691588785046,0.931740614334471,0.5372988785958069,0.0732484076433121,3,20,18,273
logistic_regression_pca_baseline,baseline_reference,0.855,0.13636363636363635,0.14285714285714285,0.13953488372093023,0.14150943396226415,0.9351535836177475,0.5390053632374452,0.07006369426751592,3,19,18,274
logistic_regression_pca_baseline,baseline_reference,0.86,0.13636363636363635,0.14285714285714285,0.13953488372093023,0.14150943396226415,0.9351535836177475,0.5390053632374452,0.07006369426751592,3,19,18,274
logistic_regression_pca_baseline,baseline_reference,0.865,0.13636363636363635,0.14285714285714285,0.13953488372093023,0.14150943396226415,0.9351535836177475,0.5390053632374452,0.07006369426751592,3,19,18,274
logistic_regression_pca_baseline,baseline_reference,0.87,0.14285714285714285,0.14285714285714285,0.14285714285714285,0.14285714285714285,0.9385665529010239,0.5407118478790833,0.06687898089171974,3,18,18,275
logistic_regression_pca_baseline,baseline_reference,0.875,0.14285714285714285,0.14285714285714285,0.14285714285714285,0.14285714285714285,0.9385665529010239,0.5407118478790833,0.06687898089171974,3,18,18,275
logistic_regression_pca_baseline,baseline_reference,0.88,0.14285714285714285,0.14285714285714285,0.14285714285714285,0.14285714285714285,0.9385665529010239,0.5407118478790833,0.06687898089171974,3,18,18,275
logistic_regression_pca_baseline,baseline_reference,0.885,0.14285714285714285,0.14285714285714285,0.14285714285714285,0.14285714285714285,0.9385665529010239,0.5407118478790833,0.06687898089171974,3,18,18,275
logistic_regression_pca_baseline,baseline_reference,0.89,0.14285714285714285,0.14285714285714285,0.14285714285714285,0.14285714285714285,0.9385665529010239,0.5407118478790833,0.06687898089171974,3,18,18,275
logistic_regression_pca_baseline,baseline_reference,0.895,0.15,0.14285714285714285,0.14634146341463414,0.14423076923076922,0.9419795221843004,0.5424183325207216,0.06369426751592357,3,17,18,276
logistic_regression_pca_baseline,baseline_reference,0.9,0.15,0.14285714285714285,0.14634146341463414,0.14423076923076922,0.9419795221843004,0.5424183325207216,0.06369426751592357,3,17,18,276
logistic_regression_pca_baseline,baseline_reference,0.905,0.15,0.14285714285714285,0.14634146341463414,0.14423076923076922,0.9419795221843004,0.5424183325207216,0.06369426751592357,3,17,18,276
logistic_regression_pca_baseline,baseline_reference,0.91,0.16666666666666666,0.14285714285714285,0.15384615384615385,0.14705882352941177,0.9488054607508533,0.5458313018039981,0.05732484076433121,3,15,18,278
logistic_regression_pca_baseline,baseline_reference,0.915,0.16666666666666666,0.14285714285714285,0.15384615384615385,0.14705882352941177,0.9488054607508533,0.5458313018039981,0.05732484076433121,3,15,18,278
logistic_regression_pca_baseline,baseline_reference,0.92,0.16666666666666666,0.14285714285714285,0.15384615384615385,0.14705882352941177,0.9488054607508533,0.5458313018039981,0.05732484076433121,3,15,18,278
logistic_regression_pca_baseline,baseline_reference,0.925,0.16666666666666666,0.14285714285714285,0.15384615384615385,0.14705882352941177,0.9488054607508533,0.5458313018039981,0.05732484076433121,3,15,18,278
logistic_regression_pca_baseline,baseline_reference,0.93,0.17647058823529413,0.14285714285714285,0.15789473684210525,0.1485148514851485,0.9522184300341296,0.5475377864456362,0.054140127388535034,3,14,18,279
logistic_regression_pca_baseline,baseline_reference,0.935,0.17647058823529413,0.14285714285714285,0.15789473684210525,0.1485148514851485,0.9522184300341296,0.5475377864456362,0.054140127388535034,3,14,18,279
logistic_regression_pca_baseline,baseline_reference,0.94,0.17647058823529413,0.14285714285714285,0.15789473684210525,0.1485148514851485,0.9522184300341296,0.5475377864456362,0.054140127388535034,3,14,18,279
logistic_regression_pca_baseline,baseline_reference,0.945,0.17647058823529413,0.14285714285714285,0.15789473684210525,0.1485148514851485,0.9522184300341296,0.5475377864456362,0.054140127388535034,3,14,18,279
logistic_regression_pca_baseline,baseline_reference,0.95,0.1875,0.14285714285714285,0.16216216216216217,0.15,0.9556313993174061,0.5492442710872745,0.050955414012738856,3,13,18,280
random_forest_reference,baseline_reference,0.05,0.07364341085271318,0.9047619047619048,0.13620071684587814,0.2777777777777778,0.18430034129692832,0.5445311230294165,0.821656050955414,19,239,2,54
random_forest_reference,baseline_reference,0.055,0.07563025210084033,0.8571428571428571,0.138996138996139,0.2795031055900621,0.24914675767918087,0.553144807411019,0.7579617834394905,18,220,3,73
random_forest_reference,baseline_reference,0.06,0.08108108108108109,0.8571428571428571,0.14814814814814814,0.29411764705882354,0.3037542662116041,0.5804485616772306,0.7070063694267515,18,204,3,89
random_forest_reference,baseline_reference,0.065,0.07729468599033816,0.7619047619047619,0.14035087719298245,0.27491408934707906,0.34812286689419797,0.5550138143994799,0.6592356687898089,16,191,5,102
random_forest_reference,baseline_reference,0.07,0.07772020725388601,0.7142857142857143,0.14018691588785046,0.27075812274368233,0.3924914675767918,0.553388590931253,0.6146496815286624,15,178,6,115
random_forest_reference,baseline_reference,0.075,0.08287292817679558,0.7142857142857143,0.1485148514851485,0.2830188679245283,0.4334470989761092,0.5738664066309118,0.5764331210191083,15,166,6,127
random_forest_reference,baseline_reference,0.08,0.0783132530120482,0.6190476190476191,0.13903743315508021,0.26,0.4778156996587031,0.5484316593531611,0.5286624203821656,13,153,8,140
random_forest_reference,baseline_reference,0.085,0.07894736842105263,0.5714285714285714,0.13872832369942195,0.2542372881355932,0.5221843003412969,0.5468064358849342,0.4840764331210191,12,140,9,153
random_forest_reference,baseline_reference,0.09,0.08759124087591241,0.5714285714285714,0.1518987341772152,0.27149321266968324,0.5733788395904437,0.5724037055095075,0.43630573248407645,12,125,9,168
random_forest_reference,baseline_reference,0.095,0.09090909090909091,0.5714285714285714,0.1568627450980392,0.2777777777777778,0.590443686006826,0.5809361287176986,0.42038216560509556,12,120,9,173
random_forest_reference,baseline_reference,0.1,0.1,0.5714285714285714,0.1702127659574468,0.29411764705882354,0.6313993174061433,0.6014139444173574,0.3821656050955414,12,108,9,185
random_forest_reference,baseline_reference,0.105,0.10810810810810811,0.5714285714285714,0.18181818181818182,0.3076923076923077,0.6621160409556314,0.6167723061921013,0.3535031847133758,12,99,9,194
random_forest_reference,baseline_reference,0.11,0.11650485436893204,0.5714285714285714,0.1935483870967742,0.32085561497326204,0.689419795221843,0.6304241833252072,0.32802547770700635,12,91,9,202
random_forest_reference,baseline_reference,0.115,0.1276595744680851,0.5714285714285714,0.20869565217391303,0.33707865168539325,0.7201365187713311,0.6457825450999513,0.29936305732484075,12,82,9,211
random_forest_reference,baseline_reference,0.12,0.12222222222222222,0.5238095238095238,0.1981981981981982,0.3160919540229885,0.7303754266211604,0.6270924752153422,0.28662420382165604,11,79,10,214
random_forest_reference,baseline_reference,0.125,0.12345679012345678,0.47619047619047616,0.19607843137254902,0.30303030303030304,0.757679180887372,0.616934828538924,0.25796178343949044,10,71,11,222
random_forest_reference,baseline_reference,0.13,0.125,0.42857142857142855,0.1935483870967742,0.28846153846153844,0.7849829351535836,0.6067771818625061,0.22929936305732485,9,63,12,230
random_forest_reference,baseline_reference,0.135,0.12121212121212122,0.38095238095238093,0.1839080459770115,0.26666666666666666,0.8020477815699659,0.5915000812611735,0.21019108280254778,8,58,13,235
random_forest_reference,baseline_reference,0.14,0.11864406779661017,0.3333333333333333,0.175,0.24475524475524477,0.8225255972696246,0.5779294653014789,0.18789808917197454,7,52,14,241
random_forest_reference,baseline_reference,0.145,0.1111111111111111,0.23809523809523808,0.15151515151515152,0.1937984496124031,0.863481228668942,0.55078823338209,0.14331210191082802,5,40,16,253
random_forest_reference,baseline_reference,0.15,0.125,0.23809523809523808,0.16393442622950818,0.20161290322580644,0.8805460750853242,0.5593206565902812,0.12738853503184713,5,35,16,258
random_forest_reference,baseline_reference,0.155,0.13513513513513514,0.23809523809523808,0.1724137931034483,0.2066115702479339,0.8907849829351536,0.5644401105151958,0.1178343949044586,5,32,16,261
random_forest_reference,baseline_reference,0.16,0.12121212121212122,0.19047619047619047,0.14814814814814814,0.17094017094017094,0.9010238907849829,0.5457500406305866,0.10509554140127389,4,29,17,264
random_forest_reference,baseline_reference,0.165,0.06666666666666667,0.09523809523809523,0.0784313725490196,0.08771929824561403,0.9044368600682594,0.4998374776531773,0.09554140127388536,2,28,19,265
random_forest_reference,baseline_reference,0.17,0.07142857142857142,0.09523809523809523,0.08163265306122448,0.08928571428571429,0.9112627986348123,0.5032504469364538,0.08917197452229299,2,26,19,267
random_forest_reference,baseline_reference,0.175,0.07692307692307693,0.09523809523809523,0.0851063829787234,0.09090909090909091,0.9180887372013652,0.5066634162197302,0.08280254777070063,2,24,19,269
random_forest_reference,baseline_reference,0.18,0.09523809523809523,0.09523809523809523,0.09523809523809523,0.09523809523809523,0.9351535836177475,0.5151958394279214,0.06687898089171974,2,19,19,274
random_forest_reference,baseline_reference,0.185,0.10526315789473684,0.09523809523809523,0.1,0.0970873786407767,0.9419795221843004,0.5186088087111977,0.06050955414012739,2,17,19,276
random_forest_reference,baseline_reference,0.19,0.10526315789473684,0.09523809523809523,0.1,0.0970873786407767,0.9419795221843004,0.5186088087111977,0.06050955414012739,2,17,19,276
random_forest_reference,baseline_reference,0.195,0.10526315789473684,0.09523809523809523,0.1,0.0970873786407767,0.9419795221843004,0.5186088087111977,0.06050955414012739,2,17,19,276
random_forest_reference,baseline_reference,0.2,0.1111111111111111,0.09523809523809523,0.10256410256410256,0.09803921568627451,0.9453924914675768,0.520315293352836,0.05732484076433121,2,16,19,277
random_forest_reference,baseline_reference,0.205,0.11764705882352941,0.09523809523809523,0.10526315789473684,0.09900990099009901,0.9488054607508533,0.5220217779944742,0.054140127388535034,2,15,19,278
random_forest_reference,baseline_reference,0.21,0.13333333333333333,0.09523809523809523,0.1111111111111111,0.10101010101010101,0.9556313993174061,0.5254347472777507,0.04777070063694268,2,13,19,280
random_forest_reference,baseline_reference,0.215,0.14285714285714285,0.09523809523809523,0.11428571428571428,0.10204081632653061,0.9590443686006825,0.5271412319193889,0.044585987261146494,2,12,19,281
random_forest_reference,baseline_reference,0.22,0.14285714285714285,0.09523809523809523,0.11428571428571428,0.10204081632653061,0.9590443686006825,0.5271412319193889,0.044585987261146494,2,12,19,281
random_forest_reference,baseline_reference,0.225,0.18181818181818182,0.09523809523809523,0.125,0.10526315789473684,0.9692832764505119,0.5322606858443035,0.03503184713375796,2,9,19,284
random_forest_reference,baseline_reference,0.23,0.18181818181818182,0.09523809523809523,0.125,0.10526315789473684,0.9692832764505119,0.5322606858443035,0.03503184713375796,2,9,19,284
random_forest_reference,baseline_reference,0.235,0.14285714285714285,0.047619047619047616,0.07142857142857142,0.054945054945054944,0.9795221843003413,0.5135706159596944,0.022292993630573247,1,6,20,287
random_forest_reference,baseline_reference,0.24,0.14285714285714285,0.047619047619047616,0.07142857142857142,0.054945054945054944,0.9795221843003413,0.5135706159596944,0.022292993630573247,1,6,20,287
random_forest_reference,baseline_reference,0.245,0.0,0.0,0.0,0.0,0.9863481228668942,0.4931740614334471,0.012738853503184714,0,4,21,289
random_forest_reference,baseline_reference,0.25,0.0,0.0,0.0,0.0,0.9897610921501706,0.4948805460750853,0.009554140127388535,0,3,21,290
random_forest_reference,baseline_reference,0.255,0.0,0.0,0.0,0.0,0.9965870307167235,0.49829351535836175,0.0031847133757961785,0,1,21,292
random_forest_reference,baseline_reference,0.26,0.0,0.0,0.0,0.0,0.9965870307167235,0.49829351535836175,0.0031847133757961785,0,1,21,292
random_forest_reference,baseline_reference,0.265,0.0,0.0,0.0,0.0,0.9965870307167235,0.49829351535836175,0.0031847133757961785,0,1,21,292
random_forest_reference,baseline_reference,0.27,0.0,0.0,0.0,0.0,0.9965870307167235,0.49829351535836175,0.0031847133757961785,0,1,21,292
random_forest_reference,baseline_reference,0.275,0.0,0.0,0.0,0.0,0.9965870307167235,0.49829351535836175,0.0031847133757961785,0,1,21,292
random_forest_reference,baseline_reference,0.28,0.0,0.0,0.0,0.0,0.9965870307167235,0.49829351535836175,0.0031847133757961785,0,1,21,292
random_forest_reference,baseline_reference,0.285,0.0,0.0,0.0,0.0,0.9965870307167235,0.49829351535836175,0.0031847133757961785,0,1,21,292
random_forest_reference,baseline_reference,0.29,0.0,0.0,0.0,0.0,1.0,0.5,0.0,0,0,21,293
random_forest_reference,baseline_reference,0.295,0.0,0.0,0.0,0.0,1.0,0.5,0.0,0,0,21,293
random_forest_reference,baseline_reference,0.3,0.0,0.0,0.0,0.0,1.0,0.5,0.0,0,0,21,293
random_forest_reference,baseline_reference,0.305,0.0,0.0,0.0,0.0,1.0,0.5,0.0,0,0,21,293
random_forest_reference,baseline_reference,0.31,0.0,0.0,0.0,0.0,1.0,0.5,0.0,0,0,21,293
random_forest_reference,baseline_reference,0.315,0.0,0.0,0.0,0.0,1.0,0.5,0.0,0,0,21,293
random_forest_reference,baseline_reference,0.32,0.0,0.0,0.0,0.0,1.0,0.5,0.0,0,0,21,293
random_forest_reference,baseline_reference,0.325,0.0,0.0,0.0,0.0,1.0,0.5,0.0,0,0,21,293
random_forest_reference,baseline_reference,0.33,0.0,0.0,0.0,0.0,1.0,0.5,0.0,0,0,21,293
random_forest_reference,baseline_reference,0.335,0.0,0.0,0.0,0.0,1.0,0.5,0.0,0,0,21,293
random_forest_reference,baseline_reference,0.34,0.0,0.0,0.0,0.0,1.0,0.5,0.0,0,0,21,293
random_forest_reference,baseline_reference,0.345,0.0,0.0,0.0,0.0,1.0,0.5,0.0,0,0,21,293
random_forest_reference,baseline_reference,0.35,0.0,0.0,0.0,0.0,1.0,0.5,0.0,0,0,21,293
random_forest_reference,baseline_reference,0.355,0.0,0.0,0.0,0.0,1.0,0.5,0.0,0,0,21,293
random_forest_reference,baseline_reference,0.36,0.0,0.0,0.0,0.0,1.0,0.5,0.0,0,0,21,293
random_forest_reference,baseline_reference,0.365,0.0,0.0,0.0,0.0,1.0,0.5,0.0,0,0,21,293
random_forest_reference,baseline_reference,0.37,0.0,0.0,0.0,0.0,1.0,0.5,0.0,0,0,21,293
random_forest_reference,baseline_reference,0.375,0.0,0.0,0.0,0.0,1.0,0.5,0.0,0,0,21,293
random_forest_reference,baseline_reference,0.38,0.0,0.0,0.0,0.0,1.0,0.5,0.0,0,0,21,293
random_forest_reference,baseline_reference,0.385,0.0,0.0,0.0,0.0,1.0,0.5,0.0,0,0,21,293
random_forest_reference,baseline_reference,0.39,0.0,0.0,0.0,0.0,1.0,0.5,0.0,0,0,21,293
random_forest_reference,baseline_reference,0.395,0.0,0.0,0.0,0.0,1.0,0.5,0.0,0,0,21,293
random_forest_reference,baseline_reference,0.4,0.0,0.0,0.0,0.0,1.0,0.5,0.0,0,0,21,293
random_forest_reference,baseline_reference,0.405,0.0,0.0,0.0,0.0,1.0,0.5,0.0,0,0,21,293
random_forest_reference,baseline_reference,0.41,0.0,0.0,0.0,0.0,1.0,0.5,0.0,0,0,21,293
random_forest_reference,baseline_reference,0.415,0.0,0.0,0.0,0.0,1.0,0.5,0.0,0,0,21,293
random_forest_reference,baseline_reference,0.42,0.0,0.0,0.0,0.0,1.0,0.5,0.0,0,0,21,293
random_forest_reference,baseline_reference,0.425,0.0,0.0,0.0,0.0,1.0,0.5,0.0,0,0,21,293
random_forest_reference,baseline_reference,0.43,0.0,0.0,0.0,0.0,1.0,0.5,0.0,0,0,21,293
random_forest_reference,baseline_reference,0.435,0.0,0.0,0.0,0.0,1.0,0.5,0.0,0,0,21,293
random_forest_reference,baseline_reference,0.44,0.0,0.0,0.0,0.0,1.0,0.5,0.0,0,0,21,293
random_forest_reference,baseline_reference,0.445,0.0,0.0,0.0,0.0,1.0,0.5,0.0,0,0,21,293
random_forest_reference,baseline_reference,0.45,0.0,0.0,0.0,0.0,1.0,0.5,0.0,0,0,21,293
random_forest_reference,baseline_reference,0.455,0.0,0.0,0.0,0.0,1.0,0.5,0.0,0,0,21,293
random_forest_reference,baseline_reference,0.46,0.0,0.0,0.0,0.0,1.0,0.5,0.0,0,0,21,293
random_forest_reference,baseline_reference,0.465,0.0,0.0,0.0,0.0,1.0,0.5,0.0,0,0,21,293
random_forest_reference,baseline_reference,0.47,0.0,0.0,0.0,0.0,1.0,0.5,0.0,0,0,21,293
random_forest_reference,baseline_reference,0.475,0.0,0.0,0.0,0.0,1.0,0.5,0.0,0,0,21,293
random_forest_reference,baseline_reference,0.48,0.0,0.0,0.0,0.0,1.0,0.5,0.0,0,0,21,293
random_forest_reference,baseline_reference,0.485,0.0,0.0,0.0,0.0,1.0,0.5,0.0,0,0,21,293
random_forest_reference,baseline_reference,0.49,0.0,0.0,0.0,0.0,1.0,0.5,0.0,0,0,21,293
random_forest_reference,baseline_reference,0.495,0.0,0.0,0.0,0.0,1.0,0.5,0.0,0,0,21,293
random_forest_reference,baseline_reference,0.5,0.0,0.0,0.0,0.0,1.0,0.5,0.0,0,0,21,293
random_forest_reference,baseline_reference,0.505,0.0,0.0,0.0,0.0,1.0,0.5,0.0,0,0,21,293
random_forest_reference,baseline_reference,0.51,0.0,0.0,0.0,0.0,1.0,0.5,0.0,0,0,21,293
random_forest_reference,baseline_reference,0.515,0.0,0.0,0.0,0.0,1.0,0.5,0.0,0,0,21,293
random_forest_reference,baseline_reference,0.52,0.0,0.0,0.0,0.0,1.0,0.5,0.0,0,0,21,293
random_forest_reference,baseline_reference,0.525,0.0,0.0,0.0,0.0,1.0,0.5,0.0,0,0,21,293
random_forest_reference,baseline_reference,0.53,0.0,0.0,0.0,0.0,1.0,0.5,0.0,0,0,21,293
random_forest_reference,baseline_reference,0.535,0.0,0.0,0.0,0.0,1.0,0.5,0.0,0,0,21,293
random_forest_reference,baseline_reference,0.54,0.0,0.0,0.0,0.0,1.0,0.5,0.0,0,0,21,293
random_forest_reference,baseline_reference,0.545,0.0,0.0,0.0,0.0,1.0,0.5,0.0,0,0,21,293
random_forest_reference,baseline_reference,0.55,0.0,0.0,0.0,0.0,1.0,0.5,0.0,0,0,21,293
random_forest_reference,baseline_reference,0.555,0.0,0.0,0.0,0.0,1.0,0.5,0.0,0,0,21,293
random_forest_reference,baseline_reference,0.56,0.0,0.0,0.0,0.0,1.0,0.5,0.0,0,0,21,293
random_forest_reference,baseline_reference,0.565,0.0,0.0,0.0,0.0,1.0,0.5,0.0,0,0,21,293
random_forest_reference,baseline_reference,0.57,0.0,0.0,0.0,0.0,1.0,0.5,0.0,0,0,21,293
random_forest_reference,baseline_reference,0.575,0.0,0.0,0.0,0.0,1.0,0.5,0.0,0,0,21,293
random_forest_reference,baseline_reference,0.58,0.0,0.0,0.0,0.0,1.0,0.5,0.0,0,0,21,293
random_forest_reference,baseline_reference,0.585,0.0,0.0,0.0,0.0,1.0,0.5,0.0,0,0,21,293
random_forest_reference,baseline_reference,0.59,0.0,0.0,0.0,0.0,1.0,0.5,0.0,0,0,21,293
random_forest_reference,baseline_reference,0.595,0.0,0.0,0.0,0.0,1.0,0.5,0.0,0,0,21,293
random_forest_reference,baseline_reference,0.6,0.0,0.0,0.0,0.0,1.0,0.5,0.0,0,0,21,293
random_forest_reference,baseline_reference,0.605,0.0,0.0,0.0,0.0,1.0,0.5,0.0,0,0,21,293
random_forest_reference,baseline_reference,0.61,0.0,0.0,0.0,0.0,1.0,0.5,0.0,0,0,21,293
random_forest_reference,baseline_reference,0.615,0.0,0.0,0.0,0.0,1.0,0.5,0.0,0,0,21,293
random_forest_reference,baseline_reference,0.62,0.0,0.0,0.0,0.0,1.0,0.5,0.0,0,0,21,293
random_forest_reference,baseline_reference,0.625,0.0,0.0,0.0,0.0,1.0,0.5,0.0,0,0,21,293
random_forest_reference,baseline_reference,0.63,0.0,0.0,0.0,0.0,1.0,0.5,0.0,0,0,21,293
random_forest_reference,baseline_reference,0.635,0.0,0.0,0.0,0.0,1.0,0.5,0.0,0,0,21,293
random_forest_reference,baseline_reference,0.64,0.0,0.0,0.0,0.0,1.0,0.5,0.0,0,0,21,293
random_forest_reference,baseline_reference,0.645,0.0,0.0,0.0,0.0,1.0,0.5,0.0,0,0,21,293
random_forest_reference,baseline_reference,0.65,0.0,0.0,0.0,0.0,1.0,0.5,0.0,0,0,21,293
random_forest_reference,baseline_reference,0.655,0.0,0.0,0.0,0.0,1.0,0.5,0.0,0,0,21,293
random_forest_reference,baseline_reference,0.66,0.0,0.0,0.0,0.0,1.0,0.5,0.0,0,0,21,293
random_forest_reference,baseline_reference,0.665,0.0,0.0,0.0,0.0,1.0,0.5,0.0,0,0,21,293
random_forest_reference,baseline_reference,0.67,0.0,0.0,0.0,0.0,1.0,0.5,0.0,0,0,21,293
random_forest_reference,baseline_reference,0.675,0.0,0.0,0.0,0.0,1.0,0.5,0.0,0,0,21,293
random_forest_reference,baseline_reference,0.68,0.0,0.0,0.0,0.0,1.0,0.5,0.0,0,0,21,293
random_forest_reference,baseline_reference,0.685,0.0,0.0,0.0,0.0,1.0,0.5,0.0,0,0,21,293
random_forest_reference,baseline_reference,0.69,0.0,0.0,0.0,0.0,1.0,0.5,0.0,0,0,21,293
random_forest_reference,baseline_reference,0.695,0.0,0.0,0.0,0.0,1.0,0.5,0.0,0,0,21,293
random_forest_reference,baseline_reference,0.7,0.0,0.0,0.0,0.0,1.0,0.5,0.0,0,0,21,293
random_forest_reference,baseline_reference,0.705,0.0,0.0,0.0,0.0,1.0,0.5,0.0,0,0,21,293
random_forest_reference,baseline_reference,0.71,0.0,0.0,0.0,0.0,1.0,0.5,0.0,0,0,21,293
random_forest_reference,baseline_reference,0.715,0.0,0.0,0.0,0.0,1.0,0.5,0.0,0,0,21,293
random_forest_reference,baseline_reference,0.72,0.0,0.0,0.0,0.0,1.0,0.5,0.0,0,0,21,293
random_forest_reference,baseline_reference,0.725,0.0,0.0,0.0,0.0,1.0,0.5,0.0,0,0,21,293
random_forest_reference,baseline_reference,0.73,0.0,0.0,0.0,0.0,1.0,0.5,0.0,0,0,21,293
random_forest_reference,baseline_reference,0.735,0.0,0.0,0.0,0.0,1.0,0.5,0.0,0,0,21,293
random_forest_reference,baseline_reference,0.74,0.0,0.0,0.0,0.0,1.0,0.5,0.0,0,0,21,293
random_forest_reference,baseline_reference,0.745,0.0,0.0,0.0,0.0,1.0,0.5,0.0,0,0,21,293
random_forest_reference,baseline_reference,0.75,0.0,0.0,0.0,0.0,1.0,0.5,0.0,0,0,21,293
random_forest_reference,baseline_reference,0.755,0.0,0.0,0.0,0.0,1.0,0.5,0.0,0,0,21,293
random_forest_reference,baseline_reference,0.76,0.0,0.0,0.0,0.0,1.0,0.5,0.0,0,0,21,293
random_forest_reference,baseline_reference,0.765,0.0,0.0,0.0,0.0,1.0,0.5,0.0,0,0,21,293
random_forest_reference,baseline_reference,0.77,0.0,0.0,0.0,0.0,1.0,0.5,0.0,0,0,21,293
random_forest_reference,baseline_reference,0.775,0.0,0.0,0.0,0.0,1.0,0.5,0.0,0,0,21,293
random_forest_reference,baseline_reference,0.78,0.0,0.0,0.0,0.0,1.0,0.5,0.0,0,0,21,293
random_forest_reference,baseline_reference,0.785,0.0,0.0,0.0,0.0,1.0,0.5,0.0,0,0,21,293
random_forest_reference,baseline_reference,0.79,0.0,0.0,0.0,0.0,1.0,0.5,0.0,0,0,21,293
random_forest_reference,baseline_reference,0.795,0.0,0.0,0.0,0.0,1.0,0.5,0.0,0,0,21,293
random_forest_reference,baseline_reference,0.8,0.0,0.0,0.0,0.0,1.0,0.5,0.0,0,0,21,293
random_forest_reference,baseline_reference,0.805,0.0,0.0,0.0,0.0,1.0,0.5,0.0,0,0,21,293
random_forest_reference,baseline_reference,0.81,0.0,0.0,0.0,0.0,1.0,0.5,0.0,0,0,21,293
random_forest_reference,baseline_reference,0.815,0.0,0.0,0.0,0.0,1.0,0.5,0.0,0,0,21,293
random_forest_reference,baseline_reference,0.82,0.0,0.0,0.0,0.0,1.0,0.5,0.0,0,0,21,293
random_forest_reference,baseline_reference,0.825,0.0,0.0,0.0,0.0,1.0,0.5,0.0,0,0,21,293
random_forest_reference,baseline_reference,0.83,0.0,0.0,0.0,0.0,1.0,0.5,0.0,0,0,21,293
random_forest_reference,baseline_reference,0.835,0.0,0.0,0.0,0.0,1.0,0.5,0.0,0,0,21,293
random_forest_reference,baseline_reference,0.84,0.0,0.0,0.0,0.0,1.0,0.5,0.0,0,0,21,293
random_forest_reference,baseline_reference,0.845,0.0,0.0,0.0,0.0,1.0,0.5,0.0,0,0,21,293
random_forest_reference,baseline_reference,0.85,0.0,0.0,0.0,0.0,1.0,0.5,0.0,0,0,21,293
random_forest_reference,baseline_reference,0.855,0.0,0.0,0.0,0.0,1.0,0.5,0.0,0,0,21,293
random_forest_reference,baseline_reference,0.86,0.0,0.0,0.0,0.0,1.0,0.5,0.0,0,0,21,293
random_forest_reference,baseline_reference,0.865,0.0,0.0,0.0,0.0,1.0,0.5,0.0,0,0,21,293
random_forest_reference,baseline_reference,0.87,0.0,0.0,0.0,0.0,1.0,0.5,0.0,0,0,21,293
random_forest_reference,baseline_reference,0.875,0.0,0.0,0.0,0.0,1.0,0.5,0.0,0,0,21,293
random_forest_reference,baseline_reference,0.88,0.0,0.0,0.0,0.0,1.0,0.5,0.0,0,0,21,293
random_forest_reference,baseline_reference,0.885,0.0,0.0,0.0,0.0,1.0,0.5,0.0,0,0,21,293
random_forest_reference,baseline_reference,0.89,0.0,0.0,0.0,0.0,1.0,0.5,0.0,0,0,21,293
random_forest_reference,baseline_reference,0.895,0.0,0.0,0.0,0.0,1.0,0.5,0.0,0,0,21,293
random_forest_reference,baseline_reference,0.9,0.0,0.0,0.0,0.0,1.0,0.5,0.0,0,0,21,293
random_forest_reference,baseline_reference,0.905,0.0,0.0,0.0,0.0,1.0,0.5,0.0,0,0,21,293
random_forest_reference,baseline_reference,0.91,0.0,0.0,0.0,0.0,1.0,0.5,0.0,0,0,21,293
random_forest_reference,baseline_reference,0.915,0.0,0.0,0.0,0.0,1.0,0.5,0.0,0,0,21,293
random_forest_reference,baseline_reference,0.92,0.0,0.0,0.0,0.0,1.0,0.5,0.0,0,0,21,293
random_forest_reference,baseline_reference,0.925,0.0,0.0,0.0,0.0,1.0,0.5,0.0,0,0,21,293
random_forest_reference,baseline_reference,0.93,0.0,0.0,0.0,0.0,1.0,0.5,0.0,0,0,21,293
random_forest_reference,baseline_reference,0.935,0.0,0.0,0.0,0.0,1.0,0.5,0.0,0,0,21,293
random_forest_reference,baseline_reference,0.94,0.0,0.0,0.0,0.0,1.0,0.5,0.0,0,0,21,293
random_forest_reference,baseline_reference,0.945,0.0,0.0,0.0,0.0,1.0,0.5,0.0,0,0,21,293
random_forest_reference,baseline_reference,0.95,0.0,0.0,0.0,0.0,1.0,0.5,0.0,0,0,21,293
xgboost_cost_sensitive,literature_informed_upgrade,0.05,0.07142857142857142,0.8095238095238095,0.13127413127413126,0.2639751552795031,0.24573378839590443,0.5276287989598569,0.7579617834394905,17,221,4,72
xgboost_cost_sensitive,literature_informed_upgrade,0.055,0.07017543859649122,0.7619047619047619,0.1285140562248996,0.2564102564102564,0.2764505119453925,0.5191776369250771,0.7261146496815286,16,212,5,81
xgboost_cost_sensitive,literature_informed_upgrade,0.06,0.07239819004524888,0.7619047619047619,0.1322314049586777,0.26229508196721313,0.3003412969283277,0.5311230294165448,0.7038216560509554,16,205,5,88
xgboost_cost_sensitive,literature_informed_upgrade,0.065,0.07692307692307693,0.7619047619047619,0.13973799126637554,0.273972602739726,0.3447098976109215,0.5533073297578417,0.6624203821656051,16,192,5,101
xgboost_cost_sensitive,literature_informed_upgrade,0.07,0.07692307692307693,0.7142857142857143,0.1388888888888889,0.26881720430107525,0.3856655290102389,0.5499756216479766,0.6210191082802548,15,180,6,113
xgboost_cost_sensitive,literature_informed_upgrade,0.075,0.07734806629834254,0.6666666666666666,0.13861386138613863,0.2641509433962264,0.4300341296928328,0.5483503981797497,0.5764331210191083,14,167,7,126
xgboost_cost_sensitive,literature_informed_upgrade,0.08,0.08383233532934131,0.6666666666666666,0.14893617021276595,0.2788844621513944,0.4778156996587031,0.5722411831626848,0.5318471337579618,14,153,7,140
xgboost_cost_sensitive,literature_informed_upgrade,0.085,0.09090909090909091,0.6666666666666666,0.16,0.29411764705882354,0.5221843003412969,0.5944254835039817,0.49044585987261147,14,140,7,153
xgboost_cost_sensitive,literature_informed_upgrade,0.09,0.0979020979020979,0.6666666666666666,0.17073170731707318,0.30837004405286345,0.5597269624573379,0.6131968145620023,0.4554140127388535,14,129,7,164
xgboost_cost_sensitive,literature_informed_upgrade,0.095,0.10218978102189781,0.6666666666666666,0.17721518987341772,0.3167420814479638,0.5802047781569966,0.6234357224118316,0.43630573248407645,14,123,7,170
xgboost_cost_sensitive,literature_informed_upgrade,0.1,0.1076923076923077,0.6666666666666666,0.18543046357615894,0.32710280373831774,0.6040955631399317,0.6353811149032992,0.4140127388535032,14,116,7,177
xgboost_cost_sensitive,literature_informed_upgrade,0.105,0.1092436974789916,0.6190476190476191,0.18571428571428572,0.32019704433497537,0.6382252559726962,0.6286364375101576,0.37898089171974525,13,106,8,187
xgboost_cost_sensitive,literature_informed_upgrade,0.11,0.11304347826086956,0.6190476190476191,0.19117647058823528,0.32663316582914576,0.6518771331058021,0.6354623760767106,0.3662420382165605,13,102,8,191
xgboost_cost_sensitive,literature_informed_upgrade,0.115,0.11607142857142858,0.6190476190476191,0.19548872180451127,0.33163265306122447,0.6621160409556314,0.6405818300016253,0.35668789808917195,13,99,8,194
xgboost_cost_sensitive,literature_informed_upgrade,0.12,0.11538461538461539,0.5714285714285714,0.192,0.3191489361702128,0.6860068259385665,0.628717698683569,0.33121019108280253,12,92,9,201
xgboost_cost_sensitive,literature_informed_upgrade,0.125,0.1111111111111111,0.5238095238095238,0.18333333333333332,0.3005464480874317,0.6996587030716723,0.611734113440598,0.31528662420382164,11,88,10,205
xgboost_cost_sensitive,literature_informed_upgrade,0.13,0.1134020618556701,0.5238095238095238,0.1864406779661017,0.30386740331491713,0.7064846416382252,0.6151470827238745,0.3089171974522293,11,86,10,207
xgboost_cost_sensitive,literature_informed_upgrade,0.135,0.0967741935483871,0.42857142857142855,0.15789473684210525,0.2542372881355932,0.7133105802047781,0.5709410043881034,0.2961783439490446,9,84,12,209
xgboost_cost_sensitive,literature_informed_upgrade,0.14,0.09782608695652174,0.42857142857142855,0.1592920353982301,0.2556818181818182,0.7167235494880546,0.5726474890297416,0.2929936305732484,9,83,12,210
xgboost_cost_sensitive,literature_informed_upgrade,0.145,0.10112359550561797,0.42857142857142855,0.16363636363636364,0.26011560693641617,0.726962457337884,0.5777669429546562,0.28343949044585987,9,80,12,213
xgboost_cost_sensitive,literature_informed_upgrade,0.15,0.10588235294117647,0.42857142857142855,0.16981132075471697,0.26627218934911245,0.7406143344709898,0.5845928815212091,0.27070063694267515,9,76,12,217
xgboost_cost_sensitive,literature_informed_upgrade,0.155,0.1111111111111111,0.42857142857142855,0.17647058823529413,0.2727272727272727,0.7542662116040956,0.591418820087762,0.25796178343949044,9,72,12,221
xgboost_cost_sensitive,literature_informed_upgrade,0.16,0.1038961038961039,0.38095238095238093,0.16326530612244897,0.2484472049689441,0.764505119453925,0.572728750203153,0.24522292993630573,8,69,13,224
xgboost_cost_sensitive,literature_informed_upgrade,0.165,0.11428571428571428,0.38095238095238093,0.17582417582417584,0.2597402597402597,0.78839590443686,0.5846741426946205,0.2229299363057325,8,62,13,231
xgboost_cost_sensitive,literature_informed_upgrade,0.17,0.10294117647058823,0.3333333333333333,0.15730337078651685,0.23026315789473684,0.7918088737201365,0.5625711035267349,0.21656050955414013,7,61,14,232
xgboost_cost_sensitive,literature_informed_upgrade,0.175,0.08955223880597014,0.2857142857142857,0.13636363636363635,0.1986754966887417,0.7918088737201365,0.5387615797172112,0.21337579617834396,6,61,15,232
xgboost_cost_sensitive,literature_informed_upgrade,0.18,0.09375,0.2857142857142857,0.1411764705882353,0.20270270270270271,0.8020477815699659,0.5438810336421258,0.20382165605095542,6,58,15,235
xgboost_cost_sensitive,literature_informed_upgrade,0.185,0.09375,0.2857142857142857,0.1411764705882353,0.20270270270270271,0.8020477815699659,0.5438810336421258,0.20382165605095542,6,58,15,235
xgboost_cost_sensitive,literature_informed_upgrade,0.19,0.09375,0.2857142857142857,0.1411764705882353,0.20270270270270271,0.8020477815699659,0.5438810336421258,0.20382165605095542,6,58,15,235
xgboost_cost_sensitive,literature_informed_upgrade,0.195,0.1,0.2857142857142857,0.14814814814814814,0.20833333333333334,0.8156996587030717,0.5507069722086787,0.1910828025477707,6,54,15,239
xgboost_cost_sensitive,literature_informed_upgrade,0.2,0.10909090909090909,0.2857142857142857,0.15789473684210525,0.2158273381294964,0.8327645051194539,0.5592393954168697,0.1751592356687898,6,49,15,244
xgboost_cost_sensitive,literature_informed_upgrade,0.205,0.10909090909090909,0.2857142857142857,0.15789473684210525,0.2158273381294964,0.8327645051194539,0.5592393954168697,0.1751592356687898,6,49,15,244
xgboost_cost_sensitive,literature_informed_upgrade,0.21,0.11320754716981132,0.2857142857142857,0.16216216216216217,0.21897810218978103,0.8395904436860068,0.5626523647001462,0.16878980891719744,6,47,15,246
xgboost_cost_sensitive,literature_informed_upgrade,0.215,0.11764705882352941,0.2857142857142857,0.16666666666666666,0.2222222222222222,0.8464163822525598,0.5660653339834227,0.1624203821656051,6,45,15,248
xgboost_cost_sensitive,literature_informed_upgrade,0.22,0.12244897959183673,0.2857142857142857,0.17142857142857143,0.22556390977443608,0.8532423208191127,0.5694783032666992,0.15605095541401273,6,43,15,250
xgboost_cost_sensitive,literature_informed_upgrade,0.225,0.12244897959183673,0.2857142857142857,0.17142857142857143,0.22556390977443608,0.8532423208191127,0.5694783032666992,0.15605095541401273,6,43,15,250
xgboost_cost_sensitive,literature_informed_upgrade,0.23,0.12244897959183673,0.2857142857142857,0.17142857142857143,0.22556390977443608,0.8532423208191127,0.5694783032666992,0.15605095541401273,6,43,15,250
xgboost_cost_sensitive,literature_informed_upgrade,0.235,0.12244897959183673,0.2857142857142857,0.17142857142857143,0.22556390977443608,0.8532423208191127,0.5694783032666992,0.15605095541401273,6,43,15,250
xgboost_cost_sensitive,literature_informed_upgrade,0.24,0.125,0.2857142857142857,0.17391304347826086,0.22727272727272727,0.856655290102389,0.5711847879083374,0.15286624203821655,6,42,15,251
xgboost_cost_sensitive,literature_informed_upgrade,0.245,0.1276595744680851,0.2857142857142857,0.17647058823529413,0.22900763358778625,0.8600682593856656,0.5728912725499756,0.14968152866242038,6,41,15,252
xgboost_cost_sensitive,literature_informed_upgrade,0.25,0.13043478260869565,0.2857142857142857,0.1791044776119403,0.23076923076923078,0.863481228668942,0.5745977571916139,0.1464968152866242,6,40,15,253
xgboost_cost_sensitive,literature_informed_upgrade,0.255,0.13043478260869565,0.2857142857142857,0.1791044776119403,0.23076923076923078,0.863481228668942,0.5745977571916139,0.1464968152866242,6,40,15,253
xgboost_cost_sensitive,literature_informed_upgrade,0.26,0.11904761904761904,0.23809523809523808,0.15873015873015872,0.1984126984126984,0.8737201365187713,0.5559076873070047,0.1337579617834395,5,37,16,256
xgboost_cost_sensitive,literature_informed_upgrade,0.265,0.12195121951219512,0.23809523809523808,0.16129032258064516,0.2,0.8771331058020477,0.5576141719486429,0.1305732484076433,5,36,16,257
xgboost_cost_sensitive,literature_informed_upgrade,0.27,0.125,0.23809523809523808,0.16393442622950818,0.20161290322580644,0.8805460750853242,0.5593206565902812,0.12738853503184713,5,35,16,258
xgboost_cost_sensitive,literature_informed_upgrade,0.275,0.13157894736842105,0.23809523809523808,0.1694915254237288,0.20491803278688525,0.8873720136518771,0.5627336258735576,0.12101910828025478,5,33,16,260
xgboost_cost_sensitive,literature_informed_upgrade,0.28,0.1388888888888889,0.23809523809523808,0.17543859649122806,0.20833333333333334,0.89419795221843,0.5661465951568341,0.11464968152866242,5,31,16,262
xgboost_cost_sensitive,literature_informed_upgrade,0.285,0.14705882352941177,0.23809523809523808,0.18181818181818182,0.211864406779661,0.9010238907849829,0.5695595644401105,0.10828025477707007,5,29,16,264
xgboost_cost_sensitive,literature_informed_upgrade,0.29,0.15151515151515152,0.23809523809523808,0.18518518518518517,0.21367521367521367,0.9044368600682594,0.5712660490817487,0.10509554140127389,5,28,16,265
xgboost_cost_sensitive,literature_informed_upgrade,0.295,0.15151515151515152,0.23809523809523808,0.18518518518518517,0.21367521367521367,0.9044368600682594,0.5712660490817487,0.10509554140127389,5,28,16,265
xgboost_cost_sensitive,literature_informed_upgrade,0.3,0.15151515151515152,0.23809523809523808,0.18518518518518517,0.21367521367521367,0.9044368600682594,0.5712660490817487,0.10509554140127389,5,28,16,265
xgboost_cost_sensitive,literature_informed_upgrade,0.305,0.12903225806451613,0.19047619047619047,0.15384615384615385,0.17391304347826086,0.9078498293515358,0.5491630099138631,0.09872611464968153,4,27,17,266
xgboost_cost_sensitive,literature_informed_upgrade,0.31,0.10344827586206896,0.14285714285714285,0.12,0.13274336283185842,0.9112627986348123,0.5270599707459775,0.09235668789808917,3,26,18,267
xgboost_cost_sensitive,literature_informed_upgrade,0.315,0.10714285714285714,0.14285714285714285,0.12244897959183673,0.13392857142857142,0.9146757679180887,0.5287664553876158,0.08917197452229299,3,25,18,268
xgboost_cost_sensitive,literature_informed_upgrade,0.32,0.11538461538461539,0.14285714285714285,0.1276595744680851,0.13636363636363635,0.9215017064846417,0.5321794246708923,0.08280254777070063,3,23,18,270
xgboost_cost_sensitive,literature_informed_upgrade,0.325,0.13043478260869565,0.14285714285714285,0.13636363636363635,0.14018691588785046,0.931740614334471,0.5372988785958069,0.0732484076433121,3,20,18,273
xgboost_cost_sensitive,literature_informed_upgrade,0.33,0.13636363636363635,0.14285714285714285,0.13953488372093023,0.14150943396226415,0.9351535836177475,0.5390053632374452,0.07006369426751592,3,19,18,274
xgboost_cost_sensitive,literature_informed_upgrade,0.335,0.13636363636363635,0.14285714285714285,0.13953488372093023,0.14150943396226415,0.9351535836177475,0.5390053632374452,0.07006369426751592,3,19,18,274
xgboost_cost_sensitive,literature_informed_upgrade,0.34,0.1,0.09523809523809523,0.0975609756097561,0.09615384615384616,0.9385665529010239,0.5169023240695596,0.06369426751592357,2,18,19,275
xgboost_cost_sensitive,literature_informed_upgrade,0.345,0.1111111111111111,0.09523809523809523,0.10256410256410256,0.09803921568627451,0.9453924914675768,0.520315293352836,0.05732484076433121,2,16,19,277
xgboost_cost_sensitive,literature_informed_upgrade,0.35,0.125,0.09523809523809523,0.10810810810810811,0.1,0.9522184300341296,0.5237282626361124,0.050955414012738856,2,14,19,279
xgboost_cost_sensitive,literature_informed_upgrade,0.355,0.14285714285714285,0.09523809523809523,0.11428571428571428,0.10204081632653061,0.9590443686006825,0.5271412319193889,0.044585987261146494,2,12,19,281
xgboost_cost_sensitive,literature_informed_upgrade,0.36,0.14285714285714285,0.09523809523809523,0.11428571428571428,0.10204081632653061,0.9590443686006825,0.5271412319193889,0.044585987261146494,2,12,19,281
xgboost_cost_sensitive,literature_informed_upgrade,0.365,0.15384615384615385,0.09523809523809523,0.11764705882352941,0.10309278350515463,0.962457337883959,0.5288477165610271,0.041401273885350316,2,11,19,282
xgboost_cost_sensitive,literature_informed_upgrade,0.37,0.16666666666666666,0.09523809523809523,0.12121212121212122,0.10416666666666667,0.9658703071672355,0.5305542012026654,0.03821656050955414,2,10,19,283
xgboost_cost_sensitive,literature_informed_upgrade,0.375,0.16666666666666666,0.09523809523809523,0.12121212121212122,0.10416666666666667,0.9658703071672355,0.5305542012026654,0.03821656050955414,2,10,19,283
xgboost_cost_sensitive,literature_informed_upgrade,0.38,0.16666666666666666,0.09523809523809523,0.12121212121212122,0.10416666666666667,0.9658703071672355,0.5305542012026654,0.03821656050955414,2,10,19,283
xgboost_cost_sensitive,literature_informed_upgrade,0.385,0.16666666666666666,0.09523809523809523,0.12121212121212122,0.10416666666666667,0.9658703071672355,0.5305542012026654,0.03821656050955414,2,10,19,283
xgboost_cost_sensitive,literature_informed_upgrade,0.39,0.16666666666666666,0.09523809523809523,0.12121212121212122,0.10416666666666667,0.9658703071672355,0.5305542012026654,0.03821656050955414,2,10,19,283
xgboost_cost_sensitive,literature_informed_upgrade,0.395,0.16666666666666666,0.09523809523809523,0.12121212121212122,0.10416666666666667,0.9658703071672355,0.5305542012026654,0.03821656050955414,2,10,19,283
xgboost_cost_sensitive,literature_informed_upgrade,0.4,0.18181818181818182,0.09523809523809523,0.125,0.10526315789473684,0.9692832764505119,0.5322606858443035,0.03503184713375796,2,9,19,284
xgboost_cost_sensitive,literature_informed_upgrade,0.405,0.18181818181818182,0.09523809523809523,0.125,0.10526315789473684,0.9692832764505119,0.5322606858443035,0.03503184713375796,2,9,19,284
xgboost_cost_sensitive,literature_informed_upgrade,0.41,0.18181818181818182,0.09523809523809523,0.125,0.10526315789473684,0.9692832764505119,0.5322606858443035,0.03503184713375796,2,9,19,284
xgboost_cost_sensitive,literature_informed_upgrade,0.415,0.18181818181818182,0.09523809523809523,0.125,0.10526315789473684,0.9692832764505119,0.5322606858443035,0.03503184713375796,2,9,19,284
xgboost_cost_sensitive,literature_informed_upgrade,0.42,0.18181818181818182,0.09523809523809523,0.125,0.10526315789473684,0.9692832764505119,0.5322606858443035,0.03503184713375796,2,9,19,284
xgboost_cost_sensitive,literature_informed_upgrade,0.425,0.1,0.047619047619047616,0.06451612903225806,0.05319148936170213,0.9692832764505119,0.5084511620347798,0.03184713375796178,1,9,20,284
xgboost_cost_sensitive,literature_informed_upgrade,0.43,0.1,0.047619047619047616,0.06451612903225806,0.05319148936170213,0.9692832764505119,0.5084511620347798,0.03184713375796178,1,9,20,284
xgboost_cost_sensitive,literature_informed_upgrade,0.435,0.1,0.047619047619047616,0.06451612903225806,0.05319148936170213,0.9692832764505119,0.5084511620347798,0.03184713375796178,1,9,20,284
xgboost_cost_sensitive,literature_informed_upgrade,0.44,0.1,0.047619047619047616,0.06451612903225806,0.05319148936170213,0.9692832764505119,0.5084511620347798,0.03184713375796178,1,9,20,284
xgboost_cost_sensitive,literature_informed_upgrade,0.445,0.1,0.047619047619047616,0.06451612903225806,0.05319148936170213,0.9692832764505119,0.5084511620347798,0.03184713375796178,1,9,20,284
xgboost_cost_sensitive,literature_informed_upgrade,0.45,0.125,0.047619047619047616,0.06896551724137931,0.05434782608695652,0.9761092150170648,0.5118641313180562,0.025477707006369428,1,7,20,286
xgboost_cost_sensitive,literature_informed_upgrade,0.455,0.16666666666666666,0.047619047619047616,0.07407407407407407,0.05555555555555555,0.9829351535836177,0.5152771006013327,0.01910828025477707,1,5,20,288
xgboost_cost_sensitive,literature_informed_upgrade,0.46,0.16666666666666666,0.047619047619047616,0.07407407407407407,0.05555555555555555,0.9829351535836177,0.5152771006013327,0.01910828025477707,1,5,20,288
xgboost_cost_sensitive,literature_informed_upgrade,0.465,0.16666666666666666,0.047619047619047616,0.07407407407407407,0.05555555555555555,0.9829351535836177,0.5152771006013327,0.01910828025477707,1,5,20,288
xgboost_cost_sensitive,literature_informed_upgrade,0.47,0.16666666666666666,0.047619047619047616,0.07407407407407407,0.05555555555555555,0.9829351535836177,0.5152771006013327,0.01910828025477707,1,5,20,288
xgboost_cost_sensitive,literature_informed_upgrade,0.475,0.16666666666666666,0.047619047619047616,0.07407407407407407,0.05555555555555555,0.9829351535836177,0.5152771006013327,0.01910828025477707,1,5,20,288
xgboost_cost_sensitive,literature_informed_upgrade,0.48,0.16666666666666666,0.047619047619047616,0.07407407407407407,0.05555555555555555,0.9829351535836177,0.5152771006013327,0.01910828025477707,1,5,20,288
xgboost_cost_sensitive,literature_informed_upgrade,0.485,0.16666666666666666,0.047619047619047616,0.07407407407407407,0.05555555555555555,0.9829351535836177,0.5152771006013327,0.01910828025477707,1,5,20,288
xgboost_cost_sensitive,literature_informed_upgrade,0.49,0.16666666666666666,0.047619047619047616,0.07407407407407407,0.05555555555555555,0.9829351535836177,0.5152771006013327,0.01910828025477707,1,5,20,288
xgboost_cost_sensitive,literature_informed_upgrade,0.495,0.16666666666666666,0.047619047619047616,0.07407407407407407,0.05555555555555555,0.9829351535836177,0.5152771006013327,0.01910828025477707,1,5,20,288
xgboost_cost_sensitive,literature_informed_upgrade,0.5,0.16666666666666666,0.047619047619047616,0.07407407407407407,0.05555555555555555,0.9829351535836177,0.5152771006013327,0.01910828025477707,1,5,20,288
xgboost_cost_sensitive,literature_informed_upgrade,0.505,0.16666666666666666,0.047619047619047616,0.07407407407407407,0.05555555555555555,0.9829351535836177,0.5152771006013327,0.01910828025477707,1,5,20,288
xgboost_cost_sensitive,literature_informed_upgrade,0.51,0.16666666666666666,0.047619047619047616,0.07407407407407407,0.05555555555555555,0.9829351535836177,0.5152771006013327,0.01910828025477707,1,5,20,288
xgboost_cost_sensitive,literature_informed_upgrade,0.515,0.16666666666666666,0.047619047619047616,0.07407407407407407,0.05555555555555555,0.9829351535836177,0.5152771006013327,0.01910828025477707,1,5,20,288
xgboost_cost_sensitive,literature_informed_upgrade,0.52,0.16666666666666666,0.047619047619047616,0.07407407407407407,0.05555555555555555,0.9829351535836177,0.5152771006013327,0.01910828025477707,1,5,20,288
xgboost_cost_sensitive,literature_informed_upgrade,0.525,0.2,0.047619047619047616,0.07692307692307693,0.056179775280898875,0.9863481228668942,0.5169835852429709,0.01592356687898089,1,4,20,289
xgboost_cost_sensitive,literature_informed_upgrade,0.53,0.2,0.047619047619047616,0.07692307692307693,0.056179775280898875,0.9863481228668942,0.5169835852429709,0.01592356687898089,1,4,20,289
xgboost_cost_sensitive,literature_informed_upgrade,0.535,0.2,0.047619047619047616,0.07692307692307693,0.056179775280898875,0.9863481228668942,0.5169835852429709,0.01592356687898089,1,4,20,289
xgboost_cost_sensitive,literature_informed_upgrade,0.54,0.2,0.047619047619047616,0.07692307692307693,0.056179775280898875,0.9863481228668942,0.5169835852429709,0.01592356687898089,1,4,20,289
xgboost_cost_sensitive,literature_informed_upgrade,0.545,0.2,0.047619047619047616,0.07692307692307693,0.056179775280898875,0.9863481228668942,0.5169835852429709,0.01592356687898089,1,4,20,289
xgboost_cost_sensitive,literature_informed_upgrade,0.55,0.2,0.047619047619047616,0.07692307692307693,0.056179775280898875,0.9863481228668942,0.5169835852429709,0.01592356687898089,1,4,20,289
xgboost_cost_sensitive,literature_informed_upgrade,0.555,0.2,0.047619047619047616,0.07692307692307693,0.056179775280898875,0.9863481228668942,0.5169835852429709,0.01592356687898089,1,4,20,289
xgboost_cost_sensitive,literature_informed_upgrade,0.56,0.2,0.047619047619047616,0.07692307692307693,0.056179775280898875,0.9863481228668942,0.5169835852429709,0.01592356687898089,1,4,20,289
xgboost_cost_sensitive,literature_informed_upgrade,0.565,0.2,0.047619047619047616,0.07692307692307693,0.056179775280898875,0.9863481228668942,0.5169835852429709,0.01592356687898089,1,4,20,289
xgboost_cost_sensitive,literature_informed_upgrade,0.57,0.2,0.047619047619047616,0.07692307692307693,0.056179775280898875,0.9863481228668942,0.5169835852429709,0.01592356687898089,1,4,20,289
xgboost_cost_sensitive,literature_informed_upgrade,0.575,0.2,0.047619047619047616,0.07692307692307693,0.056179775280898875,0.9863481228668942,0.5169835852429709,0.01592356687898089,1,4,20,289
xgboost_cost_sensitive,literature_informed_upgrade,0.58,0.2,0.047619047619047616,0.07692307692307693,0.056179775280898875,0.9863481228668942,0.5169835852429709,0.01592356687898089,1,4,20,289
xgboost_cost_sensitive,literature_informed_upgrade,0.585,0.2,0.047619047619047616,0.07692307692307693,0.056179775280898875,0.9863481228668942,0.5169835852429709,0.01592356687898089,1,4,20,289
xgboost_cost_sensitive,literature_informed_upgrade,0.59,0.0,0.0,0.0,0.0,0.9897610921501706,0.4948805460750853,0.009554140127388535,0,3,21,290
xgboost_cost_sensitive,literature_informed_upgrade,0.595,0.0,0.0,0.0,0.0,0.9897610921501706,0.4948805460750853,0.009554140127388535,0,3,21,290
xgboost_cost_sensitive,literature_informed_upgrade,0.6,0.0,0.0,0.0,0.0,0.9897610921501706,0.4948805460750853,0.009554140127388535,0,3,21,290
xgboost_cost_sensitive,literature_informed_upgrade,0.605,0.0,0.0,0.0,0.0,0.9931740614334471,0.49658703071672355,0.006369426751592357,0,2,21,291
xgboost_cost_sensitive,literature_informed_upgrade,0.61,0.0,0.0,0.0,0.0,0.9931740614334471,0.49658703071672355,0.006369426751592357,0,2,21,291
xgboost_cost_sensitive,literature_informed_upgrade,0.615,0.0,0.0,0.0,0.0,0.9931740614334471,0.49658703071672355,0.006369426751592357,0,2,21,291
xgboost_cost_sensitive,literature_informed_upgrade,0.62,0.0,0.0,0.0,0.0,0.9931740614334471,0.49658703071672355,0.006369426751592357,0,2,21,291
xgboost_cost_sensitive,literature_informed_upgrade,0.625,0.0,0.0,0.0,0.0,0.9931740614334471,0.49658703071672355,0.006369426751592357,0,2,21,291
xgboost_cost_sensitive,literature_informed_upgrade,0.63,0.0,0.0,0.0,0.0,0.9931740614334471,0.49658703071672355,0.006369426751592357,0,2,21,291
xgboost_cost_sensitive,literature_informed_upgrade,0.635,0.0,0.0,0.0,0.0,0.9931740614334471,0.49658703071672355,0.006369426751592357,0,2,21,291
xgboost_cost_sensitive,literature_informed_upgrade,0.64,0.0,0.0,0.0,0.0,0.9965870307167235,0.49829351535836175,0.0031847133757961785,0,1,21,292
xgboost_cost_sensitive,literature_informed_upgrade,0.645,0.0,0.0,0.0,0.0,0.9965870307167235,0.49829351535836175,0.0031847133757961785,0,1,21,292
xgboost_cost_sensitive,literature_informed_upgrade,0.65,0.0,0.0,0.0,0.0,0.9965870307167235,0.49829351535836175,0.0031847133757961785,0,1,21,292
xgboost_cost_sensitive,literature_informed_upgrade,0.655,0.0,0.0,0.0,0.0,0.9965870307167235,0.49829351535836175,0.0031847133757961785,0,1,21,292
xgboost_cost_sensitive,literature_informed_upgrade,0.66,0.0,0.0,0.0,0.0,0.9965870307167235,0.49829351535836175,0.0031847133757961785,0,1,21,292
xgboost_cost_sensitive,literature_informed_upgrade,0.665,0.0,0.0,0.0,0.0,0.9965870307167235,0.49829351535836175,0.0031847133757961785,0,1,21,292
xgboost_cost_sensitive,literature_informed_upgrade,0.67,0.0,0.0,0.0,0.0,0.9965870307167235,0.49829351535836175,0.0031847133757961785,0,1,21,292
xgboost_cost_sensitive,literature_informed_upgrade,0.675,0.0,0.0,0.0,0.0,0.9965870307167235,0.49829351535836175,0.0031847133757961785,0,1,21,292
xgboost_cost_sensitive,literature_informed_upgrade,0.68,0.0,0.0,0.0,0.0,0.9965870307167235,0.49829351535836175,0.0031847133757961785,0,1,21,292
xgboost_cost_sensitive,literature_informed_upgrade,0.685,0.0,0.0,0.0,0.0,0.9965870307167235,0.49829351535836175,0.0031847133757961785,0,1,21,292
xgboost_cost_sensitive,literature_informed_upgrade,0.69,0.0,0.0,0.0,0.0,0.9965870307167235,0.49829351535836175,0.0031847133757961785,0,1,21,292
xgboost_cost_sensitive,literature_informed_upgrade,0.695,0.0,0.0,0.0,0.0,0.9965870307167235,0.49829351535836175,0.0031847133757961785,0,1,21,292
xgboost_cost_sensitive,literature_informed_upgrade,0.7,0.0,0.0,0.0,0.0,0.9965870307167235,0.49829351535836175,0.0031847133757961785,0,1,21,292
xgboost_cost_sensitive,literature_informed_upgrade,0.705,0.0,0.0,0.0,0.0,0.9965870307167235,0.49829351535836175,0.0031847133757961785,0,1,21,292
xgboost_cost_sensitive,literature_informed_upgrade,0.71,0.0,0.0,0.0,0.0,1.0,0.5,0.0,0,0,21,293
xgboost_cost_sensitive,literature_informed_upgrade,0.715,0.0,0.0,0.0,0.0,1.0,0.5,0.0,0,0,21,293
xgboost_cost_sensitive,literature_informed_upgrade,0.72,0.0,0.0,0.0,0.0,1.0,0.5,0.0,0,0,21,293
xgboost_cost_sensitive,literature_informed_upgrade,0.725,0.0,0.0,0.0,0.0,1.0,0.5,0.0,0,0,21,293
xgboost_cost_sensitive,literature_informed_upgrade,0.73,0.0,0.0,0.0,0.0,1.0,0.5,0.0,0,0,21,293
xgboost_cost_sensitive,literature_informed_upgrade,0.735,0.0,0.0,0.0,0.0,1.0,0.5,0.0,0,0,21,293
xgboost_cost_sensitive,literature_informed_upgrade,0.74,0.0,0.0,0.0,0.0,1.0,0.5,0.0,0,0,21,293
xgboost_cost_sensitive,literature_informed_upgrade,0.745,0.0,0.0,0.0,0.0,1.0,0.5,0.0,0,0,21,293
xgboost_cost_sensitive,literature_informed_upgrade,0.75,0.0,0.0,0.0,0.0,1.0,0.5,0.0,0,0,21,293
xgboost_cost_sensitive,literature_informed_upgrade,0.755,0.0,0.0,0.0,0.0,1.0,0.5,0.0,0,0,21,293
xgboost_cost_sensitive,literature_informed_upgrade,0.76,0.0,0.0,0.0,0.0,1.0,0.5,0.0,0,0,21,293
xgboost_cost_sensitive,literature_informed_upgrade,0.765,0.0,0.0,0.0,0.0,1.0,0.5,0.0,0,0,21,293
xgboost_cost_sensitive,literature_informed_upgrade,0.77,0.0,0.0,0.0,0.0,1.0,0.5,0.0,0,0,21,293
xgboost_cost_sensitive,literature_informed_upgrade,0.775,0.0,0.0,0.0,0.0,1.0,0.5,0.0,0,0,21,293
xgboost_cost_sensitive,literature_informed_upgrade,0.78,0.0,0.0,0.0,0.0,1.0,0.5,0.0,0,0,21,293
xgboost_cost_sensitive,literature_informed_upgrade,0.785,0.0,0.0,0.0,0.0,1.0,0.5,0.0,0,0,21,293
xgboost_cost_sensitive,literature_informed_upgrade,0.79,0.0,0.0,0.0,0.0,1.0,0.5,0.0,0,0,21,293
xgboost_cost_sensitive,literature_informed_upgrade,0.795,0.0,0.0,0.0,0.0,1.0,0.5,0.0,0,0,21,293
xgboost_cost_sensitive,literature_informed_upgrade,0.8,0.0,0.0,0.0,0.0,1.0,0.5,0.0,0,0,21,293
xgboost_cost_sensitive,literature_informed_upgrade,0.805,0.0,0.0,0.0,0.0,1.0,0.5,0.0,0,0,21,293
xgboost_cost_sensitive,literature_informed_upgrade,0.81,0.0,0.0,0.0,0.0,1.0,0.5,0.0,0,0,21,293
xgboost_cost_sensitive,literature_informed_upgrade,0.815,0.0,0.0,0.0,0.0,1.0,0.5,0.0,0,0,21,293
xgboost_cost_sensitive,literature_informed_upgrade,0.82,0.0,0.0,0.0,0.0,1.0,0.5,0.0,0,0,21,293
xgboost_cost_sensitive,literature_informed_upgrade,0.825,0.0,0.0,0.0,0.0,1.0,0.5,0.0,0,0,21,293
xgboost_cost_sensitive,literature_informed_upgrade,0.83,0.0,0.0,0.0,0.0,1.0,0.5,0.0,0,0,21,293
xgboost_cost_sensitive,literature_informed_upgrade,0.835,0.0,0.0,0.0,0.0,1.0,0.5,0.0,0,0,21,293
xgboost_cost_sensitive,literature_informed_upgrade,0.84,0.0,0.0,0.0,0.0,1.0,0.5,0.0,0,0,21,293
xgboost_cost_sensitive,literature_informed_upgrade,0.845,0.0,0.0,0.0,0.0,1.0,0.5,0.0,0,0,21,293
xgboost_cost_sensitive,literature_informed_upgrade,0.85,0.0,0.0,0.0,0.0,1.0,0.5,0.0,0,0,21,293
xgboost_cost_sensitive,literature_informed_upgrade,0.855,0.0,0.0,0.0,0.0,1.0,0.5,0.0,0,0,21,293
xgboost_cost_sensitive,literature_informed_upgrade,0.86,0.0,0.0,0.0,0.0,1.0,0.5,0.0,0,0,21,293
xgboost_cost_sensitive,literature_informed_upgrade,0.865,0.0,0.0,0.0,0.0,1.0,0.5,0.0,0,0,21,293
xgboost_cost_sensitive,literature_informed_upgrade,0.87,0.0,0.0,0.0,0.0,1.0,0.5,0.0,0,0,21,293
xgboost_cost_sensitive,literature_informed_upgrade,0.875,0.0,0.0,0.0,0.0,1.0,0.5,0.0,0,0,21,293
xgboost_cost_sensitive,literature_informed_upgrade,0.88,0.0,0.0,0.0,0.0,1.0,0.5,0.0,0,0,21,293
xgboost_cost_sensitive,literature_informed_upgrade,0.885,0.0,0.0,0.0,0.0,1.0,0.5,0.0,0,0,21,293
xgboost_cost_sensitive,literature_informed_upgrade,0.89,0.0,0.0,0.0,0.0,1.0,0.5,0.0,0,0,21,293
xgboost_cost_sensitive,literature_informed_upgrade,0.895,0.0,0.0,0.0,0.0,1.0,0.5,0.0,0,0,21,293
xgboost_cost_sensitive,literature_informed_upgrade,0.9,0.0,0.0,0.0,0.0,1.0,0.5,0.0,0,0,21,293
xgboost_cost_sensitive,literature_informed_upgrade,0.905,0.0,0.0,0.0,0.0,1.0,0.5,0.0,0,0,21,293
xgboost_cost_sensitive,literature_informed_upgrade,0.91,0.0,0.0,0.0,0.0,1.0,0.5,0.0,0,0,21,293
xgboost_cost_sensitive,literature_informed_upgrade,0.915,0.0,0.0,0.0,0.0,1.0,0.5,0.0,0,0,21,293
xgboost_cost_sensitive,literature_informed_upgrade,0.92,0.0,0.0,0.0,0.0,1.0,0.5,0.0,0,0,21,293
xgboost_cost_sensitive,literature_informed_upgrade,0.925,0.0,0.0,0.0,0.0,1.0,0.5,0.0,0,0,21,293
xgboost_cost_sensitive,literature_informed_upgrade,0.93,0.0,0.0,0.0,0.0,1.0,0.5,0.0,0,0,21,293
xgboost_cost_sensitive,literature_informed_upgrade,0.935,0.0,0.0,0.0,0.0,1.0,0.5,0.0,0,0,21,293
xgboost_cost_sensitive,literature_informed_upgrade,0.94,0.0,0.0,0.0,0.0,1.0,0.5,0.0,0,0,21,293
xgboost_cost_sensitive,literature_informed_upgrade,0.945,0.0,0.0,0.0,0.0,1.0,0.5,0.0,0,0,21,293
xgboost_cost_sensitive,literature_informed_upgrade,0.95,0.0,0.0,0.0,0.0,1.0,0.5,0.0,0,0,21,293
lightgbm_class_weighted,literature_informed_upgrade,0.05,0.08,0.19047619047619047,0.11267605633802817,0.14925373134328357,0.8430034129692833,0.5167398017227369,0.1592356687898089,4,46,17,247
lightgbm_class_weighted,literature_informed_upgrade,0.055,0.08888888888888889,0.19047619047619047,0.12121212121212122,0.15503875968992248,0.8600682593856656,0.5252722249309281,0.14331210191082802,4,41,17,252
lightgbm_class_weighted,literature_informed_upgrade,0.06,0.09523809523809523,0.19047619047619047,0.12698412698412698,0.15873015873015872,0.8703071672354948,0.5303916788558427,0.1337579617834395,4,38,17,255
lightgbm_class_weighted,literature_informed_upgrade,0.065,0.0975609756097561,0.19047619047619047,0.12903225806451613,0.16,0.8737201365187713,0.5320981634974808,0.1305732484076433,4,37,17,256
lightgbm_class_weighted,literature_informed_upgrade,0.07,0.1,0.19047619047619047,0.13114754098360656,0.16129032258064516,0.8771331058020477,0.5338046481391191,0.12738853503184713,4,36,17,257
lightgbm_class_weighted,literature_informed_upgrade,0.075,0.10526315789473684,0.19047619047619047,0.13559322033898305,0.16393442622950818,0.8839590443686007,0.5372176174223956,0.12101910828025478,4,34,17,259
lightgbm_class_weighted,literature_informed_upgrade,0.08,0.1111111111111111,0.19047619047619047,0.14035087719298245,0.16666666666666666,0.8907849829351536,0.540630586705672,0.11464968152866242,4,32,17,261
lightgbm_class_weighted,literature_informed_upgrade,0.085,0.11764705882352941,0.19047619047619047,0.14545454545454545,0.1694915254237288,0.8976109215017065,0.5440435559889485,0.10828025477707007,4,30,17,263
lightgbm_class_weighted,literature_informed_upgrade,0.09,0.11764705882352941,0.19047619047619047,0.14545454545454545,0.1694915254237288,0.8976109215017065,0.5440435559889485,0.10828025477707007,4,30,17,263
lightgbm_class_weighted,literature_informed_upgrade,0.095,0.09375,0.14285714285714285,0.11320754716981132,0.12931034482758622,0.9010238907849829,0.5219405168210629,0.10191082802547771,3,29,18,264
lightgbm_class_weighted,literature_informed_upgrade,0.1,0.09375,0.14285714285714285,0.11320754716981132,0.12931034482758622,0.9010238907849829,0.5219405168210629,0.10191082802547771,3,29,18,264
lightgbm_class_weighted,literature_informed_upgrade,0.105,0.1,0.14285714285714285,0.11764705882352941,0.13157894736842105,0.9078498293515358,0.5253534861043393,0.09554140127388536,3,27,18,266
lightgbm_class_weighted,literature_informed_upgrade,0.11,0.10344827586206896,0.14285714285714285,0.12,0.13274336283185842,0.9112627986348123,0.5270599707459775,0.09235668789808917,3,26,18,267
lightgbm_class_weighted,literature_informed_upgrade,0.115,0.10714285714285714,0.14285714285714285,0.12244897959183673,0.13392857142857142,0.9146757679180887,0.5287664553876158,0.08917197452229299,3,25,18,268
lightgbm_class_weighted,literature_informed_upgrade,0.12,0.1111111111111111,0.14285714285714285,0.125,0.13513513513513514,0.9180887372013652,0.530472940029254,0.08598726114649681,3,24,18,269
lightgbm_class_weighted,literature_informed_upgrade,0.125,0.125,0.14285714285714285,0.13333333333333333,0.1388888888888889,0.9283276450511946,0.5355923939541687,0.07643312101910828,3,21,18,272
lightgbm_class_weighted,literature_informed_upgrade,0.13,0.14285714285714285,0.14285714285714285,0.14285714285714285,0.14285714285714285,0.9385665529010239,0.5407118478790833,0.06687898089171974,3,18,18,275
lightgbm_class_weighted,literature_informed_upgrade,0.135,0.14285714285714285,0.14285714285714285,0.14285714285714285,0.14285714285714285,0.9385665529010239,0.5407118478790833,0.06687898089171974,3,18,18,275
lightgbm_class_weighted,literature_informed_upgrade,0.14,0.15789473684210525,0.14285714285714285,0.15,0.14563106796116504,0.9453924914675768,0.5441248171623598,0.06050955414012739,3,16,18,277
lightgbm_class_weighted,literature_informed_upgrade,0.145,0.1875,0.14285714285714285,0.16216216216216217,0.15,0.9556313993174061,0.5492442710872745,0.050955414012738856,3,13,18,280
lightgbm_class_weighted,literature_informed_upgrade,0.15,0.21428571428571427,0.14285714285714285,0.17142857142857143,0.15306122448979592,0.962457337883959,0.552657240370551,0.044585987261146494,3,11,18,282
lightgbm_class_weighted,literature_informed_upgrade,0.155,0.15384615384615385,0.09523809523809523,0.11764705882352941,0.10309278350515463,0.962457337883959,0.5288477165610271,0.041401273885350316,2,11,19,282
lightgbm_class_weighted,literature_informed_upgrade,0.16,0.15384615384615385,0.09523809523809523,0.11764705882352941,0.10309278350515463,0.962457337883959,0.5288477165610271,0.041401273885350316,2,11,19,282
lightgbm_class_weighted,literature_informed_upgrade,0.165,0.15384615384615385,0.09523809523809523,0.11764705882352941,0.10309278350515463,0.962457337883959,0.5288477165610271,0.041401273885350316,2,11,19,282
lightgbm_class_weighted,literature_informed_upgrade,0.17,0.15384615384615385,0.09523809523809523,0.11764705882352941,0.10309278350515463,0.962457337883959,0.5288477165610271,0.041401273885350316,2,11,19,282
lightgbm_class_weighted,literature_informed_upgrade,0.175,0.15384615384615385,0.09523809523809523,0.11764705882352941,0.10309278350515463,0.962457337883959,0.5288477165610271,0.041401273885350316,2,11,19,282
lightgbm_class_weighted,literature_informed_upgrade,0.18,0.15384615384615385,0.09523809523809523,0.11764705882352941,0.10309278350515463,0.962457337883959,0.5288477165610271,0.041401273885350316,2,11,19,282
lightgbm_class_weighted,literature_informed_upgrade,0.185,0.08333333333333333,0.047619047619047616,0.06060606060606061,0.052083333333333336,0.962457337883959,0.5050381927515033,0.03821656050955414,1,11,20,282
lightgbm_class_weighted,literature_informed_upgrade,0.19,0.08333333333333333,0.047619047619047616,0.06060606060606061,0.052083333333333336,0.962457337883959,0.5050381927515033,0.03821656050955414,1,11,20,282
lightgbm_class_weighted,literature_informed_upgrade,0.195,0.08333333333333333,0.047619047619047616,0.06060606060606061,0.052083333333333336,0.962457337883959,0.5050381927515033,0.03821656050955414,1,11,20,282
lightgbm_class_weighted,literature_informed_upgrade,0.2,0.09090909090909091,0.047619047619047616,0.0625,0.05263157894736842,0.9658703071672355,0.5067446773931416,0.03503184713375796,1,10,20,283
lightgbm_class_weighted,literature_informed_upgrade,0.205,0.09090909090909091,0.047619047619047616,0.0625,0.05263157894736842,0.9658703071672355,0.5067446773931416,0.03503184713375796,1,10,20,283
lightgbm_class_weighted,literature_informed_upgrade,0.21,0.09090909090909091,0.047619047619047616,0.0625,0.05263157894736842,0.9658703071672355,0.5067446773931416,0.03503184713375796,1,10,20,283
lightgbm_class_weighted,literature_informed_upgrade,0.215,0.09090909090909091,0.047619047619047616,0.0625,0.05263157894736842,0.9658703071672355,0.5067446773931416,0.03503184713375796,1,10,20,283
lightgbm_class_weighted,literature_informed_upgrade,0.22,0.09090909090909091,0.047619047619047616,0.0625,0.05263157894736842,0.9658703071672355,0.5067446773931416,0.03503184713375796,1,10,20,283
lightgbm_class_weighted,literature_informed_upgrade,0.225,0.1,0.047619047619047616,0.06451612903225806,0.05319148936170213,0.9692832764505119,0.5084511620347798,0.03184713375796178,1,9,20,284
lightgbm_class_weighted,literature_informed_upgrade,0.23,0.1,0.047619047619047616,0.06451612903225806,0.05319148936170213,0.9692832764505119,0.5084511620347798,0.03184713375796178,1,9,20,284
lightgbm_class_weighted,literature_informed_upgrade,0.235,0.1,0.047619047619047616,0.06451612903225806,0.05319148936170213,0.9692832764505119,0.5084511620347798,0.03184713375796178,1,9,20,284
lightgbm_class_weighted,literature_informed_upgrade,0.24,0.1,0.047619047619047616,0.06451612903225806,0.05319148936170213,0.9692832764505119,0.5084511620347798,0.03184713375796178,1,9,20,284
lightgbm_class_weighted,literature_informed_upgrade,0.245,0.1111111111111111,0.047619047619047616,0.06666666666666667,0.053763440860215055,0.9726962457337884,0.510157646676418,0.028662420382165606,1,8,20,285
lightgbm_class_weighted,literature_informed_upgrade,0.25,0.1111111111111111,0.047619047619047616,0.06666666666666667,0.053763440860215055,0.9726962457337884,0.510157646676418,0.028662420382165606,1,8,20,285
lightgbm_class_weighted,literature_informed_upgrade,0.255,0.1111111111111111,0.047619047619047616,0.06666666666666667,0.053763440860215055,0.9726962457337884,0.510157646676418,0.028662420382165606,1,8,20,285
lightgbm_class_weighted,literature_informed_upgrade,0.26,0.1111111111111111,0.047619047619047616,0.06666666666666667,0.053763440860215055,0.9726962457337884,0.510157646676418,0.028662420382165606,1,8,20,285
lightgbm_class_weighted,literature_informed_upgrade,0.265,0.1111111111111111,0.047619047619047616,0.06666666666666667,0.053763440860215055,0.9726962457337884,0.510157646676418,0.028662420382165606,1,8,20,285
lightgbm_class_weighted,literature_informed_upgrade,0.27,0.1111111111111111,0.047619047619047616,0.06666666666666667,0.053763440860215055,0.9726962457337884,0.510157646676418,0.028662420382165606,1,8,20,285
lightgbm_class_weighted,literature_informed_upgrade,0.275,0.125,0.047619047619047616,0.06896551724137931,0.05434782608695652,0.9761092150170648,0.5118641313180562,0.025477707006369428,1,7,20,286
lightgbm_class_weighted,literature_informed_upgrade,0.28,0.125,0.047619047619047616,0.06896551724137931,0.05434782608695652,0.9761092150170648,0.5118641313180562,0.025477707006369428,1,7,20,286
lightgbm_class_weighted,literature_informed_upgrade,0.285,0.125,0.047619047619047616,0.06896551724137931,0.05434782608695652,0.9761092150170648,0.5118641313180562,0.025477707006369428,1,7,20,286
lightgbm_class_weighted,literature_informed_upgrade,0.29,0.125,0.047619047619047616,0.06896551724137931,0.05434782608695652,0.9761092150170648,0.5118641313180562,0.025477707006369428,1,7,20,286
lightgbm_class_weighted,literature_informed_upgrade,0.295,0.125,0.047619047619047616,0.06896551724137931,0.05434782608695652,0.9761092150170648,0.5118641313180562,0.025477707006369428,1,7,20,286
lightgbm_class_weighted,literature_informed_upgrade,0.3,0.125,0.047619047619047616,0.06896551724137931,0.05434782608695652,0.9761092150170648,0.5118641313180562,0.025477707006369428,1,7,20,286
lightgbm_class_weighted,literature_informed_upgrade,0.305,0.125,0.047619047619047616,0.06896551724137931,0.05434782608695652,0.9761092150170648,0.5118641313180562,0.025477707006369428,1,7,20,286
lightgbm_class_weighted,literature_informed_upgrade,0.31,0.125,0.047619047619047616,0.06896551724137931,0.05434782608695652,0.9761092150170648,0.5118641313180562,0.025477707006369428,1,7,20,286
lightgbm_class_weighted,literature_informed_upgrade,0.315,0.125,0.047619047619047616,0.06896551724137931,0.05434782608695652,0.9761092150170648,0.5118641313180562,0.025477707006369428,1,7,20,286
lightgbm_class_weighted,literature_informed_upgrade,0.32,0.125,0.047619047619047616,0.06896551724137931,0.05434782608695652,0.9761092150170648,0.5118641313180562,0.025477707006369428,1,7,20,286
lightgbm_class_weighted,literature_informed_upgrade,0.325,0.125,0.047619047619047616,0.06896551724137931,0.05434782608695652,0.9761092150170648,0.5118641313180562,0.025477707006369428,1,7,20,286
lightgbm_class_weighted,literature_informed_upgrade,0.33,0.125,0.047619047619047616,0.06896551724137931,0.05434782608695652,0.9761092150170648,0.5118641313180562,0.025477707006369428,1,7,20,286
lightgbm_class_weighted,literature_informed_upgrade,0.335,0.125,0.047619047619047616,0.06896551724137931,0.05434782608695652,0.9761092150170648,0.5118641313180562,0.025477707006369428,1,7,20,286
lightgbm_class_weighted,literature_informed_upgrade,0.34,0.125,0.047619047619047616,0.06896551724137931,0.05434782608695652,0.9761092150170648,0.5118641313180562,0.025477707006369428,1,7,20,286
lightgbm_class_weighted,literature_informed_upgrade,0.345,0.125,0.047619047619047616,0.06896551724137931,0.05434782608695652,0.9761092150170648,0.5118641313180562,0.025477707006369428,1,7,20,286
lightgbm_class_weighted,literature_informed_upgrade,0.35,0.125,0.047619047619047616,0.06896551724137931,0.05434782608695652,0.9761092150170648,0.5118641313180562,0.025477707006369428,1,7,20,286
lightgbm_class_weighted,literature_informed_upgrade,0.355,0.125,0.047619047619047616,0.06896551724137931,0.05434782608695652,0.9761092150170648,0.5118641313180562,0.025477707006369428,1,7,20,286
lightgbm_class_weighted,literature_informed_upgrade,0.36,0.125,0.047619047619047616,0.06896551724137931,0.05434782608695652,0.9761092150170648,0.5118641313180562,0.025477707006369428,1,7,20,286
lightgbm_class_weighted,literature_informed_upgrade,0.365,0.125,0.047619047619047616,0.06896551724137931,0.05434782608695652,0.9761092150170648,0.5118641313180562,0.025477707006369428,1,7,20,286
lightgbm_class_weighted,literature_informed_upgrade,0.37,0.125,0.047619047619047616,0.06896551724137931,0.05434782608695652,0.9761092150170648,0.5118641313180562,0.025477707006369428,1,7,20,286
lightgbm_class_weighted,literature_informed_upgrade,0.375,0.125,0.047619047619047616,0.06896551724137931,0.05434782608695652,0.9761092150170648,0.5118641313180562,0.025477707006369428,1,7,20,286
lightgbm_class_weighted,literature_informed_upgrade,0.38,0.14285714285714285,0.047619047619047616,0.07142857142857142,0.054945054945054944,0.9795221843003413,0.5135706159596944,0.022292993630573247,1,6,20,287
lightgbm_class_weighted,literature_informed_upgrade,0.385,0.14285714285714285,0.047619047619047616,0.07142857142857142,0.054945054945054944,0.9795221843003413,0.5135706159596944,0.022292993630573247,1,6,20,287
lightgbm_class_weighted,literature_informed_upgrade,0.39,0.14285714285714285,0.047619047619047616,0.07142857142857142,0.054945054945054944,0.9795221843003413,0.5135706159596944,0.022292993630573247,1,6,20,287
lightgbm_class_weighted,literature_informed_upgrade,0.395,0.14285714285714285,0.047619047619047616,0.07142857142857142,0.054945054945054944,0.9795221843003413,0.5135706159596944,0.022292993630573247,1,6,20,287
lightgbm_class_weighted,literature_informed_upgrade,0.4,0.14285714285714285,0.047619047619047616,0.07142857142857142,0.054945054945054944,0.9795221843003413,0.5135706159596944,0.022292993630573247,1,6,20,287
lightgbm_class_weighted,literature_informed_upgrade,0.405,0.16666666666666666,0.047619047619047616,0.07407407407407407,0.05555555555555555,0.9829351535836177,0.5152771006013327,0.01910828025477707,1,5,20,288
lightgbm_class_weighted,literature_informed_upgrade,0.41,0.2,0.047619047619047616,0.07692307692307693,0.056179775280898875,0.9863481228668942,0.5169835852429709,0.01592356687898089,1,4,20,289
lightgbm_class_weighted,literature_informed_upgrade,0.415,0.2,0.047619047619047616,0.07692307692307693,0.056179775280898875,0.9863481228668942,0.5169835852429709,0.01592356687898089,1,4,20,289
lightgbm_class_weighted,literature_informed_upgrade,0.42,0.2,0.047619047619047616,0.07692307692307693,0.056179775280898875,0.9863481228668942,0.5169835852429709,0.01592356687898089,1,4,20,289
lightgbm_class_weighted,literature_informed_upgrade,0.425,0.2,0.047619047619047616,0.07692307692307693,0.056179775280898875,0.9863481228668942,0.5169835852429709,0.01592356687898089,1,4,20,289
lightgbm_class_weighted,literature_informed_upgrade,0.43,0.2,0.047619047619047616,0.07692307692307693,0.056179775280898875,0.9863481228668942,0.5169835852429709,0.01592356687898089,1,4,20,289
lightgbm_class_weighted,literature_informed_upgrade,0.435,0.2,0.047619047619047616,0.07692307692307693,0.056179775280898875,0.9863481228668942,0.5169835852429709,0.01592356687898089,1,4,20,289
lightgbm_class_weighted,literature_informed_upgrade,0.44,0.2,0.047619047619047616,0.07692307692307693,0.056179775280898875,0.9863481228668942,0.5169835852429709,0.01592356687898089,1,4,20,289
lightgbm_class_weighted,literature_informed_upgrade,0.445,0.2,0.047619047619047616,0.07692307692307693,0.056179775280898875,0.9863481228668942,0.5169835852429709,0.01592356687898089,1,4,20,289
lightgbm_class_weighted,literature_informed_upgrade,0.45,0.2,0.047619047619047616,0.07692307692307693,0.056179775280898875,0.9863481228668942,0.5169835852429709,0.01592356687898089,1,4,20,289
lightgbm_class_weighted,literature_informed_upgrade,0.455,0.2,0.047619047619047616,0.07692307692307693,0.056179775280898875,0.9863481228668942,0.5169835852429709,0.01592356687898089,1,4,20,289
lightgbm_class_weighted,literature_informed_upgrade,0.46,0.2,0.047619047619047616,0.07692307692307693,0.056179775280898875,0.9863481228668942,0.5169835852429709,0.01592356687898089,1,4,20,289
lightgbm_class_weighted,literature_informed_upgrade,0.465,0.2,0.047619047619047616,0.07692307692307693,0.056179775280898875,0.9863481228668942,0.5169835852429709,0.01592356687898089,1,4,20,289
lightgbm_class_weighted,literature_informed_upgrade,0.47,0.2,0.047619047619047616,0.07692307692307693,0.056179775280898875,0.9863481228668942,0.5169835852429709,0.01592356687898089,1,4,20,289
lightgbm_class_weighted,literature_informed_upgrade,0.475,0.2,0.047619047619047616,0.07692307692307693,0.056179775280898875,0.9863481228668942,0.5169835852429709,0.01592356687898089,1,4,20,289
lightgbm_class_weighted,literature_informed_upgrade,0.48,0.2,0.047619047619047616,0.07692307692307693,0.056179775280898875,0.9863481228668942,0.5169835852429709,0.01592356687898089,1,4,20,289
lightgbm_class_weighted,literature_informed_upgrade,0.485,0.2,0.047619047619047616,0.07692307692307693,0.056179775280898875,0.9863481228668942,0.5169835852429709,0.01592356687898089,1,4,20,289
lightgbm_class_weighted,literature_informed_upgrade,0.49,0.2,0.047619047619047616,0.07692307692307693,0.056179775280898875,0.9863481228668942,0.5169835852429709,0.01592356687898089,1,4,20,289
lightgbm_class_weighted,literature_informed_upgrade,0.495,0.25,0.047619047619047616,0.08,0.056818181818181816,0.9897610921501706,0.5186900698846091,0.012738853503184714,1,3,20,290
lightgbm_class_weighted,literature_informed_upgrade,0.5,0.25,0.047619047619047616,0.08,0.056818181818181816,0.9897610921501706,0.5186900698846091,0.012738853503184714,1,3,20,290
lightgbm_class_weighted,literature_informed_upgrade,0.505,0.25,0.047619047619047616,0.08,0.056818181818181816,0.9897610921501706,0.5186900698846091,0.012738853503184714,1,3,20,290
lightgbm_class_weighted,literature_informed_upgrade,0.51,0.25,0.047619047619047616,0.08,0.056818181818181816,0.9897610921501706,0.5186900698846091,0.012738853503184714,1,3,20,290
lightgbm_class_weighted,literature_informed_upgrade,0.515,0.25,0.047619047619047616,0.08,0.056818181818181816,0.9897610921501706,0.5186900698846091,0.012738853503184714,1,3,20,290
lightgbm_class_weighted,literature_informed_upgrade,0.52,0.3333333333333333,0.047619047619047616,0.08333333333333333,0.05747126436781609,0.9931740614334471,0.5203965545262473,0.009554140127388535,1,2,20,291
lightgbm_class_weighted,literature_informed_upgrade,0.525,0.3333333333333333,0.047619047619047616,0.08333333333333333,0.05747126436781609,0.9931740614334471,0.5203965545262473,0.009554140127388535,1,2,20,291
lightgbm_class_weighted,literature_informed_upgrade,0.53,0.3333333333333333,0.047619047619047616,0.08333333333333333,0.05747126436781609,0.9931740614334471,0.5203965545262473,0.009554140127388535,1,2,20,291
lightgbm_class_weighted,literature_informed_upgrade,0.535,0.3333333333333333,0.047619047619047616,0.08333333333333333,0.05747126436781609,0.9931740614334471,0.5203965545262473,0.009554140127388535,1,2,20,291
lightgbm_class_weighted,literature_informed_upgrade,0.54,0.3333333333333333,0.047619047619047616,0.08333333333333333,0.05747126436781609,0.9931740614334471,0.5203965545262473,0.009554140127388535,1,2,20,291
lightgbm_class_weighted,literature_informed_upgrade,0.545,0.3333333333333333,0.047619047619047616,0.08333333333333333,0.05747126436781609,0.9931740614334471,0.5203965545262473,0.009554140127388535,1,2,20,291
lightgbm_class_weighted,literature_informed_upgrade,0.55,0.3333333333333333,0.047619047619047616,0.08333333333333333,0.05747126436781609,0.9931740614334471,0.5203965545262473,0.009554140127388535,1,2,20,291
lightgbm_class_weighted,literature_informed_upgrade,0.555,0.3333333333333333,0.047619047619047616,0.08333333333333333,0.05747126436781609,0.9931740614334471,0.5203965545262473,0.009554140127388535,1,2,20,291
lightgbm_class_weighted,literature_informed_upgrade,0.56,0.3333333333333333,0.047619047619047616,0.08333333333333333,0.05747126436781609,0.9931740614334471,0.5203965545262473,0.009554140127388535,1,2,20,291
lightgbm_class_weighted,literature_informed_upgrade,0.565,0.3333333333333333,0.047619047619047616,0.08333333333333333,0.05747126436781609,0.9931740614334471,0.5203965545262473,0.009554140127388535,1,2,20,291
lightgbm_class_weighted,literature_informed_upgrade,0.57,0.3333333333333333,0.047619047619047616,0.08333333333333333,0.05747126436781609,0.9931740614334471,0.5203965545262473,0.009554140127388535,1,2,20,291
lightgbm_class_weighted,literature_informed_upgrade,0.575,0.3333333333333333,0.047619047619047616,0.08333333333333333,0.05747126436781609,0.9931740614334471,0.5203965545262473,0.009554140127388535,1,2,20,291
lightgbm_class_weighted,literature_informed_upgrade,0.58,0.3333333333333333,0.047619047619047616,0.08333333333333333,0.05747126436781609,0.9931740614334471,0.5203965545262473,0.009554140127388535,1,2,20,291
lightgbm_class_weighted,literature_informed_upgrade,0.585,0.3333333333333333,0.047619047619047616,0.08333333333333333,0.05747126436781609,0.9931740614334471,0.5203965545262473,0.009554140127388535,1,2,20,291
lightgbm_class_weighted,literature_informed_upgrade,0.59,0.3333333333333333,0.047619047619047616,0.08333333333333333,0.05747126436781609,0.9931740614334471,0.5203965545262473,0.009554140127388535,1,2,20,291
lightgbm_class_weighted,literature_informed_upgrade,0.595,0.3333333333333333,0.047619047619047616,0.08333333333333333,0.05747126436781609,0.9931740614334471,0.5203965545262473,0.009554140127388535,1,2,20,291
lightgbm_class_weighted,literature_informed_upgrade,0.6,0.3333333333333333,0.047619047619047616,0.08333333333333333,0.05747126436781609,0.9931740614334471,0.5203965545262473,0.009554140127388535,1,2,20,291
lightgbm_class_weighted,literature_informed_upgrade,0.605,0.3333333333333333,0.047619047619047616,0.08333333333333333,0.05747126436781609,0.9931740614334471,0.5203965545262473,0.009554140127388535,1,2,20,291
lightgbm_class_weighted,literature_informed_upgrade,0.61,0.3333333333333333,0.047619047619047616,0.08333333333333333,0.05747126436781609,0.9931740614334471,0.5203965545262473,0.009554140127388535,1,2,20,291
lightgbm_class_weighted,literature_informed_upgrade,0.615,0.3333333333333333,0.047619047619047616,0.08333333333333333,0.05747126436781609,0.9931740614334471,0.5203965545262473,0.009554140127388535,1,2,20,291
lightgbm_class_weighted,literature_informed_upgrade,0.62,0.3333333333333333,0.047619047619047616,0.08333333333333333,0.05747126436781609,0.9931740614334471,0.5203965545262473,0.009554140127388535,1,2,20,291
lightgbm_class_weighted,literature_informed_upgrade,0.625,0.3333333333333333,0.047619047619047616,0.08333333333333333,0.05747126436781609,0.9931740614334471,0.5203965545262473,0.009554140127388535,1,2,20,291
lightgbm_class_weighted,literature_informed_upgrade,0.63,0.3333333333333333,0.047619047619047616,0.08333333333333333,0.05747126436781609,0.9931740614334471,0.5203965545262473,0.009554140127388535,1,2,20,291
lightgbm_class_weighted,literature_informed_upgrade,0.635,0.3333333333333333,0.047619047619047616,0.08333333333333333,0.05747126436781609,0.9931740614334471,0.5203965545262473,0.009554140127388535,1,2,20,291
lightgbm_class_weighted,literature_informed_upgrade,0.64,0.3333333333333333,0.047619047619047616,0.08333333333333333,0.05747126436781609,0.9931740614334471,0.5203965545262473,0.009554140127388535,1,2,20,291
lightgbm_class_weighted,literature_informed_upgrade,0.645,0.3333333333333333,0.047619047619047616,0.08333333333333333,0.05747126436781609,0.9931740614334471,0.5203965545262473,0.009554140127388535,1,2,20,291
lightgbm_class_weighted,literature_informed_upgrade,0.65,0.3333333333333333,0.047619047619047616,0.08333333333333333,0.05747126436781609,0.9931740614334471,0.5203965545262473,0.009554140127388535,1,2,20,291
lightgbm_class_weighted,literature_informed_upgrade,0.655,0.3333333333333333,0.047619047619047616,0.08333333333333333,0.05747126436781609,0.9931740614334471,0.5203965545262473,0.009554140127388535,1,2,20,291
lightgbm_class_weighted,literature_informed_upgrade,0.66,0.3333333333333333,0.047619047619047616,0.08333333333333333,0.05747126436781609,0.9931740614334471,0.5203965545262473,0.009554140127388535,1,2,20,291
lightgbm_class_weighted,literature_informed_upgrade,0.665,0.3333333333333333,0.047619047619047616,0.08333333333333333,0.05747126436781609,0.9931740614334471,0.5203965545262473,0.009554140127388535,1,2,20,291
lightgbm_class_weighted,literature_informed_upgrade,0.67,0.3333333333333333,0.047619047619047616,0.08333333333333333,0.05747126436781609,0.9931740614334471,0.5203965545262473,0.009554140127388535,1,2,20,291
lightgbm_class_weighted,literature_informed_upgrade,0.675,0.3333333333333333,0.047619047619047616,0.08333333333333333,0.05747126436781609,0.9931740614334471,0.5203965545262473,0.009554140127388535,1,2,20,291
lightgbm_class_weighted,literature_informed_upgrade,0.68,0.3333333333333333,0.047619047619047616,0.08333333333333333,0.05747126436781609,0.9931740614334471,0.5203965545262473,0.009554140127388535,1,2,20,291
lightgbm_class_weighted,literature_informed_upgrade,0.685,0.3333333333333333,0.047619047619047616,0.08333333333333333,0.05747126436781609,0.9931740614334471,0.5203965545262473,0.009554140127388535,1,2,20,291
lightgbm_class_weighted,literature_informed_upgrade,0.69,0.3333333333333333,0.047619047619047616,0.08333333333333333,0.05747126436781609,0.9931740614334471,0.5203965545262473,0.009554140127388535,1,2,20,291
lightgbm_class_weighted,literature_informed_upgrade,0.695,0.3333333333333333,0.047619047619047616,0.08333333333333333,0.05747126436781609,0.9931740614334471,0.5203965545262473,0.009554140127388535,1,2,20,291
lightgbm_class_weighted,literature_informed_upgrade,0.7,0.3333333333333333,0.047619047619047616,0.08333333333333333,0.05747126436781609,0.9931740614334471,0.5203965545262473,0.009554140127388535,1,2,20,291
lightgbm_class_weighted,literature_informed_upgrade,0.705,0.3333333333333333,0.047619047619047616,0.08333333333333333,0.05747126436781609,0.9931740614334471,0.5203965545262473,0.009554140127388535,1,2,20,291
lightgbm_class_weighted,literature_informed_upgrade,0.71,0.3333333333333333,0.047619047619047616,0.08333333333333333,0.05747126436781609,0.9931740614334471,0.5203965545262473,0.009554140127388535,1,2,20,291
lightgbm_class_weighted,literature_informed_upgrade,0.715,0.3333333333333333,0.047619047619047616,0.08333333333333333,0.05747126436781609,0.9931740614334471,0.5203965545262473,0.009554140127388535,1,2,20,291
lightgbm_class_weighted,literature_informed_upgrade,0.72,0.0,0.0,0.0,0.0,0.9931740614334471,0.49658703071672355,0.006369426751592357,0,2,21,291
lightgbm_class_weighted,literature_informed_upgrade,0.725,0.0,0.0,0.0,0.0,0.9931740614334471,0.49658703071672355,0.006369426751592357,0,2,21,291
lightgbm_class_weighted,literature_informed_upgrade,0.73,0.0,0.0,0.0,0.0,0.9931740614334471,0.49658703071672355,0.006369426751592357,0,2,21,291
lightgbm_class_weighted,literature_informed_upgrade,0.735,0.0,0.0,0.0,0.0,0.9931740614334471,0.49658703071672355,0.006369426751592357,0,2,21,291
lightgbm_class_weighted,literature_informed_upgrade,0.74,0.0,0.0,0.0,0.0,0.9931740614334471,0.49658703071672355,0.006369426751592357,0,2,21,291
lightgbm_class_weighted,literature_informed_upgrade,0.745,0.0,0.0,0.0,0.0,0.9931740614334471,0.49658703071672355,0.006369426751592357,0,2,21,291
lightgbm_class_weighted,literature_informed_upgrade,0.75,0.0,0.0,0.0,0.0,0.9931740614334471,0.49658703071672355,0.006369426751592357,0,2,21,291
lightgbm_class_weighted,literature_informed_upgrade,0.755,0.0,0.0,0.0,0.0,0.9931740614334471,0.49658703071672355,0.006369426751592357,0,2,21,291
lightgbm_class_weighted,literature_informed_upgrade,0.76,0.0,0.0,0.0,0.0,0.9931740614334471,0.49658703071672355,0.006369426751592357,0,2,21,291
lightgbm_class_weighted,literature_informed_upgrade,0.765,0.0,0.0,0.0,0.0,0.9931740614334471,0.49658703071672355,0.006369426751592357,0,2,21,291
lightgbm_class_weighted,literature_informed_upgrade,0.77,0.0,0.0,0.0,0.0,0.9931740614334471,0.49658703071672355,0.006369426751592357,0,2,21,291
lightgbm_class_weighted,literature_informed_upgrade,0.775,0.0,0.0,0.0,0.0,0.9931740614334471,0.49658703071672355,0.006369426751592357,0,2,21,291
lightgbm_class_weighted,literature_informed_upgrade,0.78,0.0,0.0,0.0,0.0,0.9931740614334471,0.49658703071672355,0.006369426751592357,0,2,21,291
lightgbm_class_weighted,literature_informed_upgrade,0.785,0.0,0.0,0.0,0.0,0.9931740614334471,0.49658703071672355,0.006369426751592357,0,2,21,291
lightgbm_class_weighted,literature_informed_upgrade,0.79,0.0,0.0,0.0,0.0,0.9931740614334471,0.49658703071672355,0.006369426751592357,0,2,21,291
lightgbm_class_weighted,literature_informed_upgrade,0.795,0.0,0.0,0.0,0.0,0.9931740614334471,0.49658703071672355,0.006369426751592357,0,2,21,291
lightgbm_class_weighted,literature_informed_upgrade,0.8,0.0,0.0,0.0,0.0,0.9931740614334471,0.49658703071672355,0.006369426751592357,0,2,21,291
lightgbm_class_weighted,literature_informed_upgrade,0.805,0.0,0.0,0.0,0.0,0.9931740614334471,0.49658703071672355,0.006369426751592357,0,2,21,291
lightgbm_class_weighted,literature_informed_upgrade,0.81,0.0,0.0,0.0,0.0,0.9931740614334471,0.49658703071672355,0.006369426751592357,0,2,21,291
lightgbm_class_weighted,literature_informed_upgrade,0.815,0.0,0.0,0.0,0.0,0.9931740614334471,0.49658703071672355,0.006369426751592357,0,2,21,291
lightgbm_class_weighted,literature_informed_upgrade,0.82,0.0,0.0,0.0,0.0,0.9931740614334471,0.49658703071672355,0.006369426751592357,0,2,21,291
lightgbm_class_weighted,literature_informed_upgrade,0.825,0.0,0.0,0.0,0.0,0.9931740614334471,0.49658703071672355,0.006369426751592357,0,2,21,291
lightgbm_class_weighted,literature_informed_upgrade,0.83,0.0,0.0,0.0,0.0,0.9931740614334471,0.49658703071672355,0.006369426751592357,0,2,21,291
lightgbm_class_weighted,literature_informed_upgrade,0.835,0.0,0.0,0.0,0.0,0.9931740614334471,0.49658703071672355,0.006369426751592357,0,2,21,291
lightgbm_class_weighted,literature_informed_upgrade,0.84,0.0,0.0,0.0,0.0,0.9931740614334471,0.49658703071672355,0.006369426751592357,0,2,21,291
lightgbm_class_weighted,literature_informed_upgrade,0.845,0.0,0.0,0.0,0.0,0.9931740614334471,0.49658703071672355,0.006369426751592357,0,2,21,291
lightgbm_class_weighted,literature_informed_upgrade,0.85,0.0,0.0,0.0,0.0,0.9931740614334471,0.49658703071672355,0.006369426751592357,0,2,21,291
lightgbm_class_weighted,literature_informed_upgrade,0.855,0.0,0.0,0.0,0.0,0.9931740614334471,0.49658703071672355,0.006369426751592357,0,2,21,291
lightgbm_class_weighted,literature_informed_upgrade,0.86,0.0,0.0,0.0,0.0,0.9931740614334471,0.49658703071672355,0.006369426751592357,0,2,21,291
lightgbm_class_weighted,literature_informed_upgrade,0.865,0.0,0.0,0.0,0.0,0.9931740614334471,0.49658703071672355,0.006369426751592357,0,2,21,291
lightgbm_class_weighted,literature_informed_upgrade,0.87,0.0,0.0,0.0,0.0,0.9931740614334471,0.49658703071672355,0.006369426751592357,0,2,21,291
lightgbm_class_weighted,literature_informed_upgrade,0.875,0.0,0.0,0.0,0.0,0.9931740614334471,0.49658703071672355,0.006369426751592357,0,2,21,291
lightgbm_class_weighted,literature_informed_upgrade,0.88,0.0,0.0,0.0,0.0,0.9931740614334471,0.49658703071672355,0.006369426751592357,0,2,21,291
lightgbm_class_weighted,literature_informed_upgrade,0.885,0.0,0.0,0.0,0.0,0.9931740614334471,0.49658703071672355,0.006369426751592357,0,2,21,291
lightgbm_class_weighted,literature_informed_upgrade,0.89,0.0,0.0,0.0,0.0,0.9931740614334471,0.49658703071672355,0.006369426751592357,0,2,21,291
lightgbm_class_weighted,literature_informed_upgrade,0.895,0.0,0.0,0.0,0.0,0.9931740614334471,0.49658703071672355,0.006369426751592357,0,2,21,291
lightgbm_class_weighted,literature_informed_upgrade,0.9,0.0,0.0,0.0,0.0,0.9931740614334471,0.49658703071672355,0.006369426751592357,0,2,21,291
lightgbm_class_weighted,literature_informed_upgrade,0.905,0.0,0.0,0.0,0.0,0.9965870307167235,0.49829351535836175,0.0031847133757961785,0,1,21,292
lightgbm_class_weighted,literature_informed_upgrade,0.91,0.0,0.0,0.0,0.0,1.0,0.5,0.0,0,0,21,293
lightgbm_class_weighted,literature_informed_upgrade,0.915,0.0,0.0,0.0,0.0,1.0,0.5,0.0,0,0,21,293
lightgbm_class_weighted,literature_informed_upgrade,0.92,0.0,0.0,0.0,0.0,1.0,0.5,0.0,0,0,21,293
lightgbm_class_weighted,literature_informed_upgrade,0.925,0.0,0.0,0.0,0.0,1.0,0.5,0.0,0,0,21,293
lightgbm_class_weighted,literature_informed_upgrade,0.93,0.0,0.0,0.0,0.0,1.0,0.5,0.0,0,0,21,293
lightgbm_class_weighted,literature_informed_upgrade,0.935,0.0,0.0,0.0,0.0,1.0,0.5,0.0,0,0,21,293
lightgbm_class_weighted,literature_informed_upgrade,0.94,0.0,0.0,0.0,0.0,1.0,0.5,0.0,0,0,21,293
lightgbm_class_weighted,literature_informed_upgrade,0.945,0.0,0.0,0.0,0.0,1.0,0.5,0.0,0,0,21,293
lightgbm_class_weighted,literature_informed_upgrade,0.95,0.0,0.0,0.0,0.0,1.0,0.5,0.0,0,0,21,293
xgboost_training_only_smote,literature_informed_upgrade,0.05,0.10483870967741936,0.6190476190476191,0.1793103448275862,0.3125,0.621160409556314,0.6201040143019665,0.39490445859872614,13,111,8,182
xgboost_training_only_smote,literature_informed_upgrade,0.055,0.08928571428571429,0.47619047619047616,0.15037593984962405,0.25510204081632654,0.6518771331058021,0.5640338046481391,0.35668789808917195,10,102,11,191
xgboost_training_only_smote,literature_informed_upgrade,0.06,0.08411214953271028,0.42857142857142855,0.140625,0.2356020942408377,0.6655290102389079,0.5470502194051682,0.34076433121019106,9,98,12,195
xgboost_training_only_smote,literature_informed_upgrade,0.065,0.09183673469387756,0.42857142857142855,0.15126050420168066,0.24725274725274726,0.6962457337883959,0.5624085811799122,0.31210191082802546,9,89,12,204
xgboost_training_only_smote,literature_informed_upgrade,0.07,0.09473684210526316,0.42857142857142855,0.15517241379310345,0.25139664804469275,0.7064846416382252,0.5675280351048269,0.30254777070063693,9,86,12,207
xgboost_training_only_smote,literature_informed_upgrade,0.075,0.10227272727272728,0.42857142857142855,0.1651376146788991,0.2616279069767442,0.7303754266211604,0.5794734275962945,0.2802547770700637,9,79,12,214
xgboost_training_only_smote,literature_informed_upgrade,0.08,0.10843373493975904,0.42857142857142855,0.17307692307692307,0.2694610778443114,0.7474402730375427,0.5880058508044856,0.2643312101910828,9,74,12,219
xgboost_training_only_smote,literature_informed_upgrade,0.085,0.10666666666666667,0.38095238095238093,0.16666666666666666,0.25157232704402516,0.7713310580204779,0.5761417194864293,0.23885350318471338,8,67,13,226
xgboost_training_only_smote,literature_informed_upgrade,0.09,0.1111111111111111,0.38095238095238093,0.17204301075268819,0.2564102564102564,0.7815699658703071,0.581261173411344,0.22929936305732485,8,64,13,229
xgboost_training_only_smote,literature_informed_upgrade,0.095,0.11940298507462686,0.38095238095238093,0.18181818181818182,0.26490066225165565,0.7986348122866894,0.5897935966195351,0.21337579617834396,8,59,13,234
xgboost_training_only_smote,literature_informed_upgrade,0.1,0.1111111111111111,0.3333333333333333,0.16666666666666666,0.23809523809523808,0.8088737201365188,0.571103526734926,0.20063694267515925,7,56,14,237
xgboost_training_only_smote,literature_informed_upgrade,0.105,0.11666666666666667,0.3333333333333333,0.1728395061728395,0.24305555555555555,0.8191126279863481,0.5762229806598407,0.1910828025477707,7,53,14,240
xgboost_training_only_smote,literature_informed_upgrade,0.11,0.125,0.3333333333333333,0.18181818181818182,0.25,0.8327645051194539,0.5830489192263936,0.17834394904458598,7,49,14,244
xgboost_training_only_smote,literature_informed_upgrade,0.115,0.1320754716981132,0.3333333333333333,0.1891891891891892,0.25547445255474455,0.8430034129692833,0.5881683731513083,0.16878980891719744,7,46,14,247
xgboost_training_only_smote,literature_informed_upgrade,0.12,0.14,0.3333333333333333,0.19718309859154928,0.26119402985074625,0.8532423208191127,0.593287827076223,0.1592356687898089,7,43,14,250
xgboost_training_only_smote,literature_informed_upgrade,0.125,0.14285714285714285,0.3333333333333333,0.2,0.2631578947368421,0.856655290102389,0.5949943117178612,0.15605095541401273,7,42,14,251
xgboost_training_only_smote,literature_informed_upgrade,0.13,0.14893617021276595,0.3333333333333333,0.20588235294117646,0.26717557251908397,0.863481228668942,0.5984072810011376,0.14968152866242038,7,40,14,253
xgboost_training_only_smote,literature_informed_upgrade,0.135,0.14893617021276595,0.3333333333333333,0.20588235294117646,0.26717557251908397,0.863481228668942,0.5984072810011376,0.14968152866242038,7,40,14,253
xgboost_training_only_smote,literature_informed_upgrade,0.14,0.15555555555555556,0.3333333333333333,0.21212121212121213,0.2713178294573643,0.8703071672354948,0.6018202502844141,0.14331210191082802,7,38,14,255
xgboost_training_only_smote,literature_informed_upgrade,0.145,0.15555555555555556,0.3333333333333333,0.21212121212121213,0.2713178294573643,0.8703071672354948,0.6018202502844141,0.14331210191082802,7,38,14,255
xgboost_training_only_smote,literature_informed_upgrade,0.15,0.16279069767441862,0.3333333333333333,0.21875,0.2755905511811024,0.8771331058020477,0.6052332195676905,0.13694267515923567,7,36,14,257
xgboost_training_only_smote,literature_informed_upgrade,0.155,0.16279069767441862,0.3333333333333333,0.21875,0.2755905511811024,0.8771331058020477,0.6052332195676905,0.13694267515923567,7,36,14,257
xgboost_training_only_smote,literature_informed_upgrade,0.16,0.16666666666666666,0.3333333333333333,0.2222222222222222,0.2777777777777778,0.8805460750853242,0.6069397042093287,0.1337579617834395,7,35,14,258
xgboost_training_only_smote,literature_informed_upgrade,0.165,0.17073170731707318,0.3333333333333333,0.22580645161290322,0.28,0.8839590443686007,0.608646188850967,0.1305732484076433,7,34,14,259
xgboost_training_only_smote,literature_informed_upgrade,0.17,0.15384615384615385,0.2857142857142857,0.2,0.24390243902439024,0.8873720136518771,0.5865431496830814,0.12420382165605096,6,33,15,260
xgboost_training_only_smote,literature_informed_upgrade,0.175,0.13157894736842105,0.23809523809523808,0.1694915254237288,0.20491803278688525,0.8873720136518771,0.5627336258735576,0.12101910828025478,5,33,16,260
xgboost_training_only_smote,literature_informed_upgrade,0.18,0.13157894736842105,0.23809523809523808,0.1694915254237288,0.20491803278688525,0.8873720136518771,0.5627336258735576,0.12101910828025478,5,33,16,260
xgboost_training_only_smote,literature_informed_upgrade,0.185,0.13513513513513514,0.23809523809523808,0.1724137931034483,0.2066115702479339,0.8907849829351536,0.5644401105151958,0.1178343949044586,5,32,16,261
xgboost_training_only_smote,literature_informed_upgrade,0.19,0.14285714285714285,0.23809523809523808,0.17857142857142858,0.21008403361344538,0.8976109215017065,0.5678530797984723,0.11146496815286625,5,30,16,263
xgboost_training_only_smote,literature_informed_upgrade,0.195,0.12121212121212122,0.19047619047619047,0.14814814814814814,0.17094017094017094,0.9010238907849829,0.5457500406305866,0.10509554140127389,4,29,17,264
xgboost_training_only_smote,literature_informed_upgrade,0.2,0.12903225806451613,0.19047619047619047,0.15384615384615385,0.17391304347826086,0.9078498293515358,0.5491630099138631,0.09872611464968153,4,27,17,266
xgboost_training_only_smote,literature_informed_upgrade,0.205,0.13333333333333333,0.19047619047619047,0.1568627450980392,0.17543859649122806,0.9112627986348123,0.5508694945555014,0.09554140127388536,4,26,17,267
xgboost_training_only_smote,literature_informed_upgrade,0.21,0.14285714285714285,0.19047619047619047,0.16326530612244897,0.17857142857142858,0.9180887372013652,0.5542824638387778,0.08917197452229299,4,24,17,269
xgboost_training_only_smote,literature_informed_upgrade,0.215,0.14285714285714285,0.19047619047619047,0.16326530612244897,0.17857142857142858,0.9180887372013652,0.5542824638387778,0.08917197452229299,4,24,17,269
xgboost_training_only_smote,literature_informed_upgrade,0.22,0.14814814814814814,0.19047619047619047,0.16666666666666666,0.18018018018018017,0.9215017064846417,0.5559889484804161,0.08598726114649681,4,23,17,270
xgboost_training_only_smote,literature_informed_upgrade,0.225,0.14814814814814814,0.19047619047619047,0.16666666666666666,0.18018018018018017,0.9215017064846417,0.5559889484804161,0.08598726114649681,4,23,17,270
xgboost_training_only_smote,literature_informed_upgrade,0.23,0.14814814814814814,0.19047619047619047,0.16666666666666666,0.18018018018018017,0.9215017064846417,0.5559889484804161,0.08598726114649681,4,23,17,270
xgboost_training_only_smote,literature_informed_upgrade,0.235,0.11538461538461539,0.14285714285714285,0.1276595744680851,0.13636363636363635,0.9215017064846417,0.5321794246708923,0.08280254777070063,3,23,18,270
xgboost_training_only_smote,literature_informed_upgrade,0.24,0.12,0.14285714285714285,0.13043478260869565,0.13761467889908258,0.9249146757679181,0.5338859093125304,0.07961783439490445,3,22,18,271
xgboost_training_only_smote,literature_informed_upgrade,0.245,0.13043478260869565,0.14285714285714285,0.13636363636363635,0.14018691588785046,0.931740614334471,0.5372988785958069,0.0732484076433121,3,20,18,273
xgboost_training_only_smote,literature_informed_upgrade,0.25,0.13636363636363635,0.14285714285714285,0.13953488372093023,0.14150943396226415,0.9351535836177475,0.5390053632374452,0.07006369426751592,3,19,18,274
xgboost_training_only_smote,literature_informed_upgrade,0.255,0.14285714285714285,0.14285714285714285,0.14285714285714285,0.14285714285714285,0.9385665529010239,0.5407118478790833,0.06687898089171974,3,18,18,275
xgboost_training_only_smote,literature_informed_upgrade,0.26,0.14285714285714285,0.14285714285714285,0.14285714285714285,0.14285714285714285,0.9385665529010239,0.5407118478790833,0.06687898089171974,3,18,18,275
xgboost_training_only_smote,literature_informed_upgrade,0.265,0.16666666666666666,0.14285714285714285,0.15384615384615385,0.14705882352941177,0.9488054607508533,0.5458313018039981,0.05732484076433121,3,15,18,278
xgboost_training_only_smote,literature_informed_upgrade,0.27,0.16666666666666666,0.14285714285714285,0.15384615384615385,0.14705882352941177,0.9488054607508533,0.5458313018039981,0.05732484076433121,3,15,18,278
xgboost_training_only_smote,literature_informed_upgrade,0.275,0.16666666666666666,0.14285714285714285,0.15384615384615385,0.14705882352941177,0.9488054607508533,0.5458313018039981,0.05732484076433121,3,15,18,278
xgboost_training_only_smote,literature_informed_upgrade,0.28,0.16666666666666666,0.14285714285714285,0.15384615384615385,0.14705882352941177,0.9488054607508533,0.5458313018039981,0.05732484076433121,3,15,18,278
xgboost_training_only_smote,literature_informed_upgrade,0.285,0.16666666666666666,0.14285714285714285,0.15384615384615385,0.14705882352941177,0.9488054607508533,0.5458313018039981,0.05732484076433121,3,15,18,278
xgboost_training_only_smote,literature_informed_upgrade,0.29,0.16666666666666666,0.14285714285714285,0.15384615384615385,0.14705882352941177,0.9488054607508533,0.5458313018039981,0.05732484076433121,3,15,18,278
xgboost_training_only_smote,literature_informed_upgrade,0.295,0.16666666666666666,0.14285714285714285,0.15384615384615385,0.14705882352941177,0.9488054607508533,0.5458313018039981,0.05732484076433121,3,15,18,278
xgboost_training_only_smote,literature_informed_upgrade,0.3,0.16666666666666666,0.14285714285714285,0.15384615384615385,0.14705882352941177,0.9488054607508533,0.5458313018039981,0.05732484076433121,3,15,18,278
xgboost_training_only_smote,literature_informed_upgrade,0.305,0.16666666666666666,0.14285714285714285,0.15384615384615385,0.14705882352941177,0.9488054607508533,0.5458313018039981,0.05732484076433121,3,15,18,278
xgboost_training_only_smote,literature_informed_upgrade,0.31,0.16666666666666666,0.14285714285714285,0.15384615384615385,0.14705882352941177,0.9488054607508533,0.5458313018039981,0.05732484076433121,3,15,18,278
xgboost_training_only_smote,literature_informed_upgrade,0.315,0.16666666666666666,0.14285714285714285,0.15384615384615385,0.14705882352941177,0.9488054607508533,0.5458313018039981,0.05732484076433121,3,15,18,278
xgboost_training_only_smote,literature_informed_upgrade,0.32,0.16666666666666666,0.14285714285714285,0.15384615384615385,0.14705882352941177,0.9488054607508533,0.5458313018039981,0.05732484076433121,3,15,18,278
xgboost_training_only_smote,literature_informed_upgrade,0.325,0.16666666666666666,0.14285714285714285,0.15384615384615385,0.14705882352941177,0.9488054607508533,0.5458313018039981,0.05732484076433121,3,15,18,278
xgboost_training_only_smote,literature_informed_upgrade,0.33,0.16666666666666666,0.14285714285714285,0.15384615384615385,0.14705882352941177,0.9488054607508533,0.5458313018039981,0.05732484076433121,3,15,18,278
xgboost_training_only_smote,literature_informed_upgrade,0.335,0.16666666666666666,0.14285714285714285,0.15384615384615385,0.14705882352941177,0.9488054607508533,0.5458313018039981,0.05732484076433121,3,15,18,278
xgboost_training_only_smote,literature_informed_upgrade,0.34,0.16666666666666666,0.14285714285714285,0.15384615384615385,0.14705882352941177,0.9488054607508533,0.5458313018039981,0.05732484076433121,3,15,18,278
xgboost_training_only_smote,literature_informed_upgrade,0.345,0.16666666666666666,0.14285714285714285,0.15384615384615385,0.14705882352941177,0.9488054607508533,0.5458313018039981,0.05732484076433121,3,15,18,278
xgboost_training_only_smote,literature_informed_upgrade,0.35,0.17647058823529413,0.14285714285714285,0.15789473684210525,0.1485148514851485,0.9522184300341296,0.5475377864456362,0.054140127388535034,3,14,18,279
xgboost_training_only_smote,literature_informed_upgrade,0.355,0.17647058823529413,0.14285714285714285,0.15789473684210525,0.1485148514851485,0.9522184300341296,0.5475377864456362,0.054140127388535034,3,14,18,279
xgboost_training_only_smote,literature_informed_upgrade,0.36,0.17647058823529413,0.14285714285714285,0.15789473684210525,0.1485148514851485,0.9522184300341296,0.5475377864456362,0.054140127388535034,3,14,18,279
xgboost_training_only_smote,literature_informed_upgrade,0.365,0.17647058823529413,0.14285714285714285,0.15789473684210525,0.1485148514851485,0.9522184300341296,0.5475377864456362,0.054140127388535034,3,14,18,279
xgboost_training_only_smote,literature_informed_upgrade,0.37,0.17647058823529413,0.14285714285714285,0.15789473684210525,0.1485148514851485,0.9522184300341296,0.5475377864456362,0.054140127388535034,3,14,18,279
xgboost_training_only_smote,literature_informed_upgrade,0.375,0.17647058823529413,0.14285714285714285,0.15789473684210525,0.1485148514851485,0.9522184300341296,0.5475377864456362,0.054140127388535034,3,14,18,279
xgboost_training_only_smote,literature_informed_upgrade,0.38,0.17647058823529413,0.14285714285714285,0.15789473684210525,0.1485148514851485,0.9522184300341296,0.5475377864456362,0.054140127388535034,3,14,18,279
xgboost_training_only_smote,literature_informed_upgrade,0.385,0.17647058823529413,0.14285714285714285,0.15789473684210525,0.1485148514851485,0.9522184300341296,0.5475377864456362,0.054140127388535034,3,14,18,279
xgboost_training_only_smote,literature_informed_upgrade,0.39,0.17647058823529413,0.14285714285714285,0.15789473684210525,0.1485148514851485,0.9522184300341296,0.5475377864456362,0.054140127388535034,3,14,18,279
xgboost_training_only_smote,literature_informed_upgrade,0.395,0.17647058823529413,0.14285714285714285,0.15789473684210525,0.1485148514851485,0.9522184300341296,0.5475377864456362,0.054140127388535034,3,14,18,279
xgboost_training_only_smote,literature_informed_upgrade,0.4,0.1875,0.14285714285714285,0.16216216216216217,0.15,0.9556313993174061,0.5492442710872745,0.050955414012738856,3,13,18,280
xgboost_training_only_smote,literature_informed_upgrade,0.405,0.2,0.14285714285714285,0.16666666666666666,0.15151515151515152,0.9590443686006825,0.5509507557289127,0.04777070063694268,3,12,18,281
xgboost_training_only_smote,literature_informed_upgrade,0.41,0.2,0.14285714285714285,0.16666666666666666,0.15151515151515152,0.9590443686006825,0.5509507557289127,0.04777070063694268,3,12,18,281
xgboost_training_only_smote,literature_informed_upgrade,0.415,0.21428571428571427,0.14285714285714285,0.17142857142857143,0.15306122448979592,0.962457337883959,0.552657240370551,0.044585987261146494,3,11,18,282
xgboost_training_only_smote,literature_informed_upgrade,0.42,0.21428571428571427,0.14285714285714285,0.17142857142857143,0.15306122448979592,0.962457337883959,0.552657240370551,0.044585987261146494,3,11,18,282
xgboost_training_only_smote,literature_informed_upgrade,0.425,0.21428571428571427,0.14285714285714285,0.17142857142857143,0.15306122448979592,0.962457337883959,0.552657240370551,0.044585987261146494,3,11,18,282
xgboost_training_only_smote,literature_informed_upgrade,0.43,0.23076923076923078,0.14285714285714285,0.17647058823529413,0.15463917525773196,0.9658703071672355,0.5543637250121892,0.041401273885350316,3,10,18,283
xgboost_training_only_smote,literature_informed_upgrade,0.435,0.23076923076923078,0.14285714285714285,0.17647058823529413,0.15463917525773196,0.9658703071672355,0.5543637250121892,0.041401273885350316,3,10,18,283
xgboost_training_only_smote,literature_informed_upgrade,0.44,0.16666666666666666,0.09523809523809523,0.12121212121212122,0.10416666666666667,0.9658703071672355,0.5305542012026654,0.03821656050955414,2,10,19,283
xgboost_training_only_smote,literature_informed_upgrade,0.445,0.18181818181818182,0.09523809523809523,0.125,0.10526315789473684,0.9692832764505119,0.5322606858443035,0.03503184713375796,2,9,19,284
xgboost_training_only_smote,literature_informed_upgrade,0.45,0.18181818181818182,0.09523809523809523,0.125,0.10526315789473684,0.9692832764505119,0.5322606858443035,0.03503184713375796,2,9,19,284
xgboost_training_only_smote,literature_informed_upgrade,0.455,0.18181818181818182,0.09523809523809523,0.125,0.10526315789473684,0.9692832764505119,0.5322606858443035,0.03503184713375796,2,9,19,284
xgboost_training_only_smote,literature_informed_upgrade,0.46,0.18181818181818182,0.09523809523809523,0.125,0.10526315789473684,0.9692832764505119,0.5322606858443035,0.03503184713375796,2,9,19,284
xgboost_training_only_smote,literature_informed_upgrade,0.465,0.18181818181818182,0.09523809523809523,0.125,0.10526315789473684,0.9692832764505119,0.5322606858443035,0.03503184713375796,2,9,19,284
xgboost_training_only_smote,literature_informed_upgrade,0.47,0.18181818181818182,0.09523809523809523,0.125,0.10526315789473684,0.9692832764505119,0.5322606858443035,0.03503184713375796,2,9,19,284
xgboost_training_only_smote,literature_informed_upgrade,0.475,0.18181818181818182,0.09523809523809523,0.125,0.10526315789473684,0.9692832764505119,0.5322606858443035,0.03503184713375796,2,9,19,284
xgboost_training_only_smote,literature_informed_upgrade,0.48,0.18181818181818182,0.09523809523809523,0.125,0.10526315789473684,0.9692832764505119,0.5322606858443035,0.03503184713375796,2,9,19,284
xgboost_training_only_smote,literature_informed_upgrade,0.485,0.2222222222222222,0.09523809523809523,0.13333333333333333,0.10752688172043011,0.9761092150170648,0.53567365512758,0.028662420382165606,2,7,19,286
xgboost_training_only_smote,literature_informed_upgrade,0.49,0.25,0.09523809523809523,0.13793103448275862,0.10869565217391304,0.9795221843003413,0.5373801397692183,0.025477707006369428,2,6,19,287
xgboost_training_only_smote,literature_informed_upgrade,0.495,0.25,0.09523809523809523,0.13793103448275862,0.10869565217391304,0.9795221843003413,0.5373801397692183,0.025477707006369428,2,6,19,287
xgboost_training_only_smote,literature_informed_upgrade,0.5,0.25,0.09523809523809523,0.13793103448275862,0.10869565217391304,0.9795221843003413,0.5373801397692183,0.025477707006369428,2,6,19,287
xgboost_training_only_smote,literature_informed_upgrade,0.505,0.14285714285714285,0.047619047619047616,0.07142857142857142,0.054945054945054944,0.9795221843003413,0.5135706159596944,0.022292993630573247,1,6,20,287
xgboost_training_only_smote,literature_informed_upgrade,0.51,0.14285714285714285,0.047619047619047616,0.07142857142857142,0.054945054945054944,0.9795221843003413,0.5135706159596944,0.022292993630573247,1,6,20,287
xgboost_training_only_smote,literature_informed_upgrade,0.515,0.2,0.047619047619047616,0.07692307692307693,0.056179775280898875,0.9863481228668942,0.5169835852429709,0.01592356687898089,1,4,20,289
xgboost_training_only_smote,literature_informed_upgrade,0.52,0.2,0.047619047619047616,0.07692307692307693,0.056179775280898875,0.9863481228668942,0.5169835852429709,0.01592356687898089,1,4,20,289
xgboost_training_only_smote,literature_informed_upgrade,0.525,0.2,0.047619047619047616,0.07692307692307693,0.056179775280898875,0.9863481228668942,0.5169835852429709,0.01592356687898089,1,4,20,289
xgboost_training_only_smote,literature_informed_upgrade,0.53,0.0,0.0,0.0,0.0,0.9863481228668942,0.4931740614334471,0.012738853503184714,0,4,21,289
xgboost_training_only_smote,literature_informed_upgrade,0.535,0.0,0.0,0.0,0.0,0.9863481228668942,0.4931740614334471,0.012738853503184714,0,4,21,289
xgboost_training_only_smote,literature_informed_upgrade,0.54,0.0,0.0,0.0,0.0,0.9863481228668942,0.4931740614334471,0.012738853503184714,0,4,21,289
xgboost_training_only_smote,literature_informed_upgrade,0.545,0.0,0.0,0.0,0.0,0.9863481228668942,0.4931740614334471,0.012738853503184714,0,4,21,289
xgboost_training_only_smote,literature_informed_upgrade,0.55,0.0,0.0,0.0,0.0,0.9863481228668942,0.4931740614334471,0.012738853503184714,0,4,21,289
xgboost_training_only_smote,literature_informed_upgrade,0.555,0.0,0.0,0.0,0.0,0.9863481228668942,0.4931740614334471,0.012738853503184714,0,4,21,289
xgboost_training_only_smote,literature_informed_upgrade,0.56,0.0,0.0,0.0,0.0,0.9863481228668942,0.4931740614334471,0.012738853503184714,0,4,21,289
xgboost_training_only_smote,literature_informed_upgrade,0.565,0.0,0.0,0.0,0.0,0.9897610921501706,0.4948805460750853,0.009554140127388535,0,3,21,290
xgboost_training_only_smote,literature_informed_upgrade,0.57,0.0,0.0,0.0,0.0,0.9897610921501706,0.4948805460750853,0.009554140127388535,0,3,21,290
xgboost_training_only_smote,literature_informed_upgrade,0.575,0.0,0.0,0.0,0.0,0.9931740614334471,0.49658703071672355,0.006369426751592357,0,2,21,291
xgboost_training_only_smote,literature_informed_upgrade,0.58,0.0,0.0,0.0,0.0,0.9931740614334471,0.49658703071672355,0.006369426751592357,0,2,21,291
xgboost_training_only_smote,literature_informed_upgrade,0.585,0.0,0.0,0.0,0.0,0.9931740614334471,0.49658703071672355,0.006369426751592357,0,2,21,291
xgboost_training_only_smote,literature_informed_upgrade,0.59,0.0,0.0,0.0,0.0,0.9931740614334471,0.49658703071672355,0.006369426751592357,0,2,21,291
xgboost_training_only_smote,literature_informed_upgrade,0.595,0.0,0.0,0.0,0.0,0.9931740614334471,0.49658703071672355,0.006369426751592357,0,2,21,291
xgboost_training_only_smote,literature_informed_upgrade,0.6,0.0,0.0,0.0,0.0,0.9931740614334471,0.49658703071672355,0.006369426751592357,0,2,21,291
xgboost_training_only_smote,literature_informed_upgrade,0.605,0.0,0.0,0.0,0.0,0.9931740614334471,0.49658703071672355,0.006369426751592357,0,2,21,291
xgboost_training_only_smote,literature_informed_upgrade,0.61,0.0,0.0,0.0,0.0,0.9931740614334471,0.49658703071672355,0.006369426751592357,0,2,21,291
xgboost_training_only_smote,literature_informed_upgrade,0.615,0.0,0.0,0.0,0.0,0.9931740614334471,0.49658703071672355,0.006369426751592357,0,2,21,291
xgboost_training_only_smote,literature_informed_upgrade,0.62,0.0,0.0,0.0,0.0,0.9931740614334471,0.49658703071672355,0.006369426751592357,0,2,21,291
xgboost_training_only_smote,literature_informed_upgrade,0.625,0.0,0.0,0.0,0.0,0.9931740614334471,0.49658703071672355,0.006369426751592357,0,2,21,291
xgboost_training_only_smote,literature_informed_upgrade,0.63,0.0,0.0,0.0,0.0,0.9931740614334471,0.49658703071672355,0.006369426751592357,0,2,21,291
xgboost_training_only_smote,literature_informed_upgrade,0.635,0.0,0.0,0.0,0.0,0.9931740614334471,0.49658703071672355,0.006369426751592357,0,2,21,291
xgboost_training_only_smote,literature_informed_upgrade,0.64,0.0,0.0,0.0,0.0,0.9965870307167235,0.49829351535836175,0.0031847133757961785,0,1,21,292
xgboost_training_only_smote,literature_informed_upgrade,0.645,0.0,0.0,0.0,0.0,0.9965870307167235,0.49829351535836175,0.0031847133757961785,0,1,21,292
xgboost_training_only_smote,literature_informed_upgrade,0.65,0.0,0.0,0.0,0.0,0.9965870307167235,0.49829351535836175,0.0031847133757961785,0,1,21,292
xgboost_training_only_smote,literature_informed_upgrade,0.655,0.0,0.0,0.0,0.0,0.9965870307167235,0.49829351535836175,0.0031847133757961785,0,1,21,292
xgboost_training_only_smote,literature_informed_upgrade,0.66,0.0,0.0,0.0,0.0,0.9965870307167235,0.49829351535836175,0.0031847133757961785,0,1,21,292
xgboost_training_only_smote,literature_informed_upgrade,0.665,0.0,0.0,0.0,0.0,0.9965870307167235,0.49829351535836175,0.0031847133757961785,0,1,21,292
xgboost_training_only_smote,literature_informed_upgrade,0.67,0.0,0.0,0.0,0.0,0.9965870307167235,0.49829351535836175,0.0031847133757961785,0,1,21,292
xgboost_training_only_smote,literature_informed_upgrade,0.675,0.0,0.0,0.0,0.0,0.9965870307167235,0.49829351535836175,0.0031847133757961785,0,1,21,292
xgboost_training_only_smote,literature_informed_upgrade,0.68,0.0,0.0,0.0,0.0,0.9965870307167235,0.49829351535836175,0.0031847133757961785,0,1,21,292
xgboost_training_only_smote,literature_informed_upgrade,0.685,0.0,0.0,0.0,0.0,0.9965870307167235,0.49829351535836175,0.0031847133757961785,0,1,21,292
xgboost_training_only_smote,literature_informed_upgrade,0.69,0.0,0.0,0.0,0.0,0.9965870307167235,0.49829351535836175,0.0031847133757961785,0,1,21,292
xgboost_training_only_smote,literature_informed_upgrade,0.695,0.0,0.0,0.0,0.0,0.9965870307167235,0.49829351535836175,0.0031847133757961785,0,1,21,292
xgboost_training_only_smote,literature_informed_upgrade,0.7,0.0,0.0,0.0,0.0,0.9965870307167235,0.49829351535836175,0.0031847133757961785,0,1,21,292
xgboost_training_only_smote,literature_informed_upgrade,0.705,0.0,0.0,0.0,0.0,0.9965870307167235,0.49829351535836175,0.0031847133757961785,0,1,21,292
xgboost_training_only_smote,literature_informed_upgrade,0.71,0.0,0.0,0.0,0.0,0.9965870307167235,0.49829351535836175,0.0031847133757961785,0,1,21,292
xgboost_training_only_smote,literature_informed_upgrade,0.715,0.0,0.0,0.0,0.0,0.9965870307167235,0.49829351535836175,0.0031847133757961785,0,1,21,292
xgboost_training_only_smote,literature_informed_upgrade,0.72,0.0,0.0,0.0,0.0,0.9965870307167235,0.49829351535836175,0.0031847133757961785,0,1,21,292
xgboost_training_only_smote,literature_informed_upgrade,0.725,0.0,0.0,0.0,0.0,0.9965870307167235,0.49829351535836175,0.0031847133757961785,0,1,21,292
xgboost_training_only_smote,literature_informed_upgrade,0.73,0.0,0.0,0.0,0.0,0.9965870307167235,0.49829351535836175,0.0031847133757961785,0,1,21,292
xgboost_training_only_smote,literature_informed_upgrade,0.735,0.0,0.0,0.0,0.0,0.9965870307167235,0.49829351535836175,0.0031847133757961785,0,1,21,292
xgboost_training_only_smote,literature_informed_upgrade,0.74,0.0,0.0,0.0,0.0,0.9965870307167235,0.49829351535836175,0.0031847133757961785,0,1,21,292
xgboost_training_only_smote,literature_informed_upgrade,0.745,0.0,0.0,0.0,0.0,0.9965870307167235,0.49829351535836175,0.0031847133757961785,0,1,21,292
xgboost_training_only_smote,literature_informed_upgrade,0.75,0.0,0.0,0.0,0.0,0.9965870307167235,0.49829351535836175,0.0031847133757961785,0,1,21,292
xgboost_training_only_smote,literature_informed_upgrade,0.755,0.0,0.0,0.0,0.0,0.9965870307167235,0.49829351535836175,0.0031847133757961785,0,1,21,292
xgboost_training_only_smote,literature_informed_upgrade,0.76,0.0,0.0,0.0,0.0,0.9965870307167235,0.49829351535836175,0.0031847133757961785,0,1,21,292
xgboost_training_only_smote,literature_informed_upgrade,0.765,0.0,0.0,0.0,0.0,0.9965870307167235,0.49829351535836175,0.0031847133757961785,0,1,21,292
xgboost_training_only_smote,literature_informed_upgrade,0.77,0.0,0.0,0.0,0.0,0.9965870307167235,0.49829351535836175,0.0031847133757961785,0,1,21,292
xgboost_training_only_smote,literature_informed_upgrade,0.775,0.0,0.0,0.0,0.0,0.9965870307167235,0.49829351535836175,0.0031847133757961785,0,1,21,292
xgboost_training_only_smote,literature_informed_upgrade,0.78,0.0,0.0,0.0,0.0,0.9965870307167235,0.49829351535836175,0.0031847133757961785,0,1,21,292
xgboost_training_only_smote,literature_informed_upgrade,0.785,0.0,0.0,0.0,0.0,0.9965870307167235,0.49829351535836175,0.0031847133757961785,0,1,21,292
xgboost_training_only_smote,literature_informed_upgrade,0.79,0.0,0.0,0.0,0.0,0.9965870307167235,0.49829351535836175,0.0031847133757961785,0,1,21,292
xgboost_training_only_smote,literature_informed_upgrade,0.795,0.0,0.0,0.0,0.0,0.9965870307167235,0.49829351535836175,0.0031847133757961785,0,1,21,292
xgboost_training_only_smote,literature_informed_upgrade,0.8,0.0,0.0,0.0,0.0,0.9965870307167235,0.49829351535836175,0.0031847133757961785,0,1,21,292
xgboost_training_only_smote,literature_informed_upgrade,0.805,0.0,0.0,0.0,0.0,0.9965870307167235,0.49829351535836175,0.0031847133757961785,0,1,21,292
xgboost_training_only_smote,literature_informed_upgrade,0.81,0.0,0.0,0.0,0.0,0.9965870307167235,0.49829351535836175,0.0031847133757961785,0,1,21,292
xgboost_training_only_smote,literature_informed_upgrade,0.815,0.0,0.0,0.0,0.0,0.9965870307167235,0.49829351535836175,0.0031847133757961785,0,1,21,292
xgboost_training_only_smote,literature_informed_upgrade,0.82,0.0,0.0,0.0,0.0,0.9965870307167235,0.49829351535836175,0.0031847133757961785,0,1,21,292
xgboost_training_only_smote,literature_informed_upgrade,0.825,0.0,0.0,0.0,0.0,0.9965870307167235,0.49829351535836175,0.0031847133757961785,0,1,21,292
xgboost_training_only_smote,literature_informed_upgrade,0.83,0.0,0.0,0.0,0.0,0.9965870307167235,0.49829351535836175,0.0031847133757961785,0,1,21,292
xgboost_training_only_smote,literature_informed_upgrade,0.835,0.0,0.0,0.0,0.0,0.9965870307167235,0.49829351535836175,0.0031847133757961785,0,1,21,292
xgboost_training_only_smote,literature_informed_upgrade,0.84,0.0,0.0,0.0,0.0,0.9965870307167235,0.49829351535836175,0.0031847133757961785,0,1,21,292
xgboost_training_only_smote,literature_informed_upgrade,0.845,0.0,0.0,0.0,0.0,1.0,0.5,0.0,0,0,21,293
xgboost_training_only_smote,literature_informed_upgrade,0.85,0.0,0.0,0.0,0.0,1.0,0.5,0.0,0,0,21,293
xgboost_training_only_smote,literature_informed_upgrade,0.855,0.0,0.0,0.0,0.0,1.0,0.5,0.0,0,0,21,293
xgboost_training_only_smote,literature_informed_upgrade,0.86,0.0,0.0,0.0,0.0,1.0,0.5,0.0,0,0,21,293
xgboost_training_only_smote,literature_informed_upgrade,0.865,0.0,0.0,0.0,0.0,1.0,0.5,0.0,0,0,21,293
xgboost_training_only_smote,literature_informed_upgrade,0.87,0.0,0.0,0.0,0.0,1.0,0.5,0.0,0,0,21,293
xgboost_training_only_smote,literature_informed_upgrade,0.875,0.0,0.0,0.0,0.0,1.0,0.5,0.0,0,0,21,293
xgboost_training_only_smote,literature_informed_upgrade,0.88,0.0,0.0,0.0,0.0,1.0,0.5,0.0,0,0,21,293
xgboost_training_only_smote,literature_informed_upgrade,0.885,0.0,0.0,0.0,0.0,1.0,0.5,0.0,0,0,21,293
xgboost_training_only_smote,literature_informed_upgrade,0.89,0.0,0.0,0.0,0.0,1.0,0.5,0.0,0,0,21,293
xgboost_training_only_smote,literature_informed_upgrade,0.895,0.0,0.0,0.0,0.0,1.0,0.5,0.0,0,0,21,293
xgboost_training_only_smote,literature_informed_upgrade,0.9,0.0,0.0,0.0,0.0,1.0,0.5,0.0,0,0,21,293
xgboost_training_only_smote,literature_informed_upgrade,0.905,0.0,0.0,0.0,0.0,1.0,0.5,0.0,0,0,21,293
xgboost_training_only_smote,literature_informed_upgrade,0.91,0.0,0.0,0.0,0.0,1.0,0.5,0.0,0,0,21,293
xgboost_training_only_smote,literature_informed_upgrade,0.915,0.0,0.0,0.0,0.0,1.0,0.5,0.0,0,0,21,293
xgboost_training_only_smote,literature_informed_upgrade,0.92,0.0,0.0,0.0,0.0,1.0,0.5,0.0,0,0,21,293
xgboost_training_only_smote,literature_informed_upgrade,0.925,0.0,0.0,0.0,0.0,1.0,0.5,0.0,0,0,21,293
xgboost_training_only_smote,literature_informed_upgrade,0.93,0.0,0.0,0.0,0.0,1.0,0.5,0.0,0,0,21,293
xgboost_training_only_smote,literature_informed_upgrade,0.935,0.0,0.0,0.0,0.0,1.0,0.5,0.0,0,0,21,293
xgboost_training_only_smote,literature_informed_upgrade,0.94,0.0,0.0,0.0,0.0,1.0,0.5,0.0,0,0,21,293
xgboost_training_only_smote,literature_informed_upgrade,0.945,0.0,0.0,0.0,0.0,1.0,0.5,0.0,0,0,21,293
xgboost_training_only_smote,literature_informed_upgrade,0.95,0.0,0.0,0.0,0.0,1.0,0.5,0.0,0,0,21,293
